TOWN_ID,C_Name,T_Name,Address,Flood,Traffic,Landslide,disastertype,Time,situation,Lon,Lat,geo
1000508,苗栗縣,大湖鄉,苗栗縣大湖鄉內臺三線雙向封閉,1,0,0,Flood,2009-8-9 18:12,臺三線南湖二橋達警戒水位,120.864189,24.429363,"24.429363,120.864189"
1000801,南投縣,南投市,小溪橋附近,1,0,0,Flood,2009-8-9 05:50,水位暴漲，溢過堤防，積水約30公分,120.692518,23.374958,"23.374958,120.692518"
1000802,南投縣,埔里鎮,蜈蚣里榮光橋,1,0,0,Flood,2009-8-9 18:26,堤防破堤危機,0,0,"0,0"
1000802,南投縣,埔里鎮,福興里大坑,1,0,0,Flood,2009-8-9 18:18,排洪道護岸破堤,0,0,"0,0"
1000802,南投縣,埔里鎮,蜈蚣里獅仔頭溪,1,0,0,Flood,2009-8-9 18:23,蜈蚣里獅仔頭溪有瀑漲危機,0,0,"0,0"
1000804,南投縣,竹山鎮,龍門大橋下游400公尺處,1,0,0,Flood,2009-8-9 12:17,堤坊潰堤,121.019285,24.206466,"24.206466,121.019285"
1000805,南投縣,集集鎮,南投縣集集鎮臺16線11K處,1,0,0,Flood,2009-8-9 16:44,8月9日4時左右，臺16線11k處路基淘空，目前7車(CS-83**、62*-JC、86**-XY、MN-15**、33**-NY、N5-93**、HN-43**)、13人(10男、3女)，疑似遭洪水沖走,120.78695,23.828237,"23.828237,120.78695"
1000806,南投縣,名間鄉,臺3線名竹大橋,1,0,0,Flood,2009-8-9 00:30,溪水暴漲，有安全之虞,120.464118,23.468658,"23.468658,120.464118"
1000810,南投縣,國姓鄉,投84線石門村通往北港村之港門橋,1,0,0,Flood,2009-8-9 13:55,水位達警戒線,120.707683,23.461897,"23.461897,120.707683"
1000811,南投縣,水里鄉,水里鄉永興橋,1,0,0,Flood,2009-8-9 13:58,水位達警戒線,120.855721,23.815547,"23.815547,120.855721"
1000811,南投縣,水里鄉,豊丘村十八重溪,1,0,0,Flood,2009-8-9 14:38,溪水暴漲恐堤防潰堤,120.707683,23.461897,"23.461897,120.707683"
1000812,南投縣,信義鄉,信義鄉望美村,1,0,0,Flood,2009-8-9 14:00,陳有蘭溪潰堤當地居民受困,120.886528,23.616085,"23.616085,120.886528"
1000812,南投縣,信義鄉,神木巷同富國小上方,1,0,0,Flood,2009-8-9 06:55,溪水暴漲，約200人受困，無安全顧慮，有斷糧之虞,0,0,"0,0"
1001001,嘉義縣,太保市,嘉義縣太保市新埤里勞工花園新城,1,0,0,Flood,2009-8-9 10:08,太保市新埤里勞工花園新城淹水到樓梯口，缺乏水及物資，王小姐09****1214。,120.336799,23.478244,"23.478244,120.336799"
1001001,嘉義縣,太保市,嘉義縣太保市東勢里,1,0,0,Flood,2009-8-9 14:09,太保市東勢里已開始淹水，水已開始淹入民宅，請派員協助。,120.304589,23.4708,"23.4708,120.304589"
1001001,嘉義縣,太保市,嘉義縣太保市勞工住宅新安一街2巷9號,1,0,0,Flood,2009-8-9 05:51,3-4人電梯受困，現場淹水，越來越高。,120.357014,23.498843,"23.498843,120.357014"
1001001,嘉義縣,太保市,嘉義縣太保市新埤里232-5號,1,0,0,Flood,2009-8-9 09:50,太保市新埤國小側門附近淹水約60公分請求協助,120.336799,23.478244,"23.478244,120.336799"
1001001,嘉義縣,太保市,嘉義縣太保市六興橋溪南至溪北橋頭有破洞,1,0,0,Flood,2009-8-9 06:18,該處淹水請求填補並派抽水機。,120.333224,23.491395,"23.491395,120.333224"
1001001,嘉義縣,太保市,嘉義縣太保市勞工住宅,1,0,0,Flood,2009-8-9 05:44,淹水請求抽水機,120.333224,23.491395,"23.491395,120.333224"
1001002,嘉義縣,朴子市,嘉義縣朴子市竹村里一帶,1,0,0,Flood,2009-8-9 14:36,上述地點淹水及胸四鴨母寮大牌破堤,120.25121,23.437762,"23.437762,120.25121"
1001002,嘉義縣,朴子市,嘉義縣朴子市正興里,1,0,0,Flood,2009-8-9 08:07,朴子溪溪水溢流請求抽水機支援,120.244654,23.468077,"23.468077,120.244654"
1001002,嘉義縣,朴子市,嘉義縣朴子市竹村里過埤仔71號,1,0,0,Flood,2009-8-9 08:35,朴子市竹村里過埤仔71號淹水需協助撤離。,120.25121,23.437762,"23.437762,120.25121"
1001002,嘉義縣,朴子市,嘉義縣朴子市應菜埔7-2巷,1,0,0,Flood,2009-8-9 09:45,淹水,120.244654,23.468077,"23.468077,120.244654"
1001002,嘉義縣,朴子市,嘉義縣朴子市松華里251號,1,0,0,Flood,2009-8-9 09:30,該地淹水老人受困需物資,120.251357,23.40674,"23.40674,120.251357"
1001002,嘉義縣,朴子市,嘉義縣朴子市佳禾里,1,0,0,Flood,2009-8-9 09:38,朴子市佳禾里苦瓜寮哈巴士大圳水已滿位開始溢進佳禾社區,120.257128,23.448128,"23.448128,120.257128"
1001002,嘉義縣,朴子市,嘉義縣朴子市,1,0,0,Flood,2009-8-9 14:24,大同國小正對面文化學園地下室水一直往下流程3米寬4米高半米請求抽水機或沙包堆置,120.255753,23.467924,"23.467924,120.255753"
1001002,嘉義縣,朴子市,嘉義縣朴子市內厝里永和里,1,0,0,Flood,2009-8-9 13:40,朴子市公所秘書來電內厝里永和里鄰河川處需要沙包,120.243019,23.472147,"23.472147,120.243019"
1001002,嘉義縣,朴子市,嘉義縣朴子市竹圍里南通路3段663號,1,0,0,Flood,2009-8-9 12:05,上述地點淹水及膝請求沙包30包支援,120.242404,23.461672,"23.461672,120.242404"
1001002,嘉義縣,朴子市,嘉義縣朴子市海通路,1,0,0,Flood,2009-8-9 12:03,淹水深及膝,120.235665,23.463954,"23.463954,120.235665"
1001002,嘉義縣,朴子市,嘉義縣朴子市崁後里135號,1,0,0,Flood,2009-8-9 17:27,上述災害地點已水深及腰，因住平房有2位老人急需救援。,120.222129,23.446103,"23.446103,120.222129"
1001002,嘉義縣,朴子市,嘉義縣朴子市,1,0,0,Flood,2009-8-9 19:00,朴子市朴子國中明智路附近水淹大腿請協助派員抽水,120.255753,23.467924,"23.467924,120.255753"
1001002,嘉義縣,朴子市,嘉義縣朴子市中興路87號,1,0,0,Flood,2009-8-9 21:00,申請沙包,120.244464,23.459502,"23.459502,120.244464"
1001002,嘉義縣,朴子市,嘉義縣朴子市文化里開元路附近,1,0,0,Flood,2009-8-9 22:25,朴子市文化里開元路，海通路附近淹水,120.237442,23.464649,"23.464649,120.237442"
1001002,嘉義縣,朴子市,嘉義縣朴子市高明幼稚園,1,0,0,Flood,2009-8-10 08:31,上述地點地下室淹水請派人支援,120.255753,23.467924,"23.467924,120.255753"
1001002,嘉義縣,朴子市,嘉義縣朴子市衛生所,1,0,0,Flood,2009-8-10 10:10,積水請求抽水機,120.255753,23.467924,"23.467924,120.255753"
1001002,嘉義縣,朴子市,嘉義縣朴子市,1,0,0,Flood,2009-8-10 12:30,教育處反映朴子市縣立體育館地下室因淹水暫時無法復電因體育館電路與附近民眾同一線路請水利處調派抽水機協助抽水俾利及早使附近停電戶復電,120.255753,23.467924,"23.467924,120.255753"
1001002,嘉義縣,朴子市,嘉義縣朴子市平和里山通路35之1號,1,0,0,Flood,2009-8-10 15:53,地下室淹水,120.245144,23.465716,"23.465716,120.245144"
1001002,嘉義縣,朴子市,嘉義縣朴子市文化北路3號,1,0,0,Flood,2009-8-10 15:54,上述地點地下室淹水需抽水。,120.241184,23.463969,"23.463969,120.241184"
1001002,嘉義縣,朴子市,嘉義縣朴子市中正路179號,1,0,0,Flood,2009-8-10 15:55,小型家庭紙工廠紙張浸水，約有2個房間多，請求支援清理。,120.243212,23.465315,"23.465315,120.243212"
1001002,嘉義縣,朴子市,嘉義縣朴子市尚品火鍋店,1,0,0,Flood,2009-8-9 18:20,上述地點急需沙包,120.255753,23.467924,"23.467924,120.255753"
1001002,嘉義縣,朴子市,嘉義縣朴子市竹村里201號,1,0,0,Flood,2009-8-10 09:18,積水請求抽水機。,120.25121,23.437762,"23.437762,120.25121"
1001002,嘉義縣,朴子市,嘉義縣朴子市竹圍里,1,0,0,Flood,2009-8-10 07:01,新生行、文化路一帶淹水及腰。,120.246411,23.456848,"23.456848,120.246411"
1001002,嘉義縣,朴子市,嘉義縣朴子市光復路45號,1,0,0,Flood,2009-8-10 06:13,朴子市光復路45號，地下室積水需抽水機。,120.245937,23.465872,"23.465872,120.245937"
1001002,嘉義縣,朴子市,嘉義縣朴子市?溪國小,1,0,0,Flood,2009-8-11 11:08,上述地點地下室淹水， 需協助調派抽水機協助抽水。,120.255753,23.467924,"23.467924,120.255753"
1001002,嘉義縣,朴子市,嘉義縣朴子市崁後里,1,0,0,Flood,2009-8-11 09:30,上述地點極需調派抽水機3部協助抽水,120.222129,23.446103,"23.446103,120.222129"
1001002,嘉義縣,朴子市,嘉義縣朴子市新興122巷18弄5號,1,0,0,Flood,2009-8-9 11:55,朴子市新興122巷18弄5號該大樓地下室快淹水需要沙包,120.244654,23.468077,"23.468077,120.244654"
1001002,嘉義縣,朴子市,嘉義縣朴子市文明路7-23號,1,0,0,Flood,2009-8-9 21:05,上述地點淹水請求救援(協助脫困)吳小姐(11年次),120.24982,23.465796,"23.465796,120.24982"
1001002,嘉義縣,朴子市,嘉義縣朴子市崁後里,1,0,0,Flood,2009-8-9 18:25,崁後里全淹水.請求轍離.,120.222129,23.446103,"23.446103,120.222129"
1001002,嘉義縣,朴子市,嘉義縣朴子市省立朴子醫院,1,0,0,Flood,2009-8-9 12:40,李小姐護士朴子市省立朴子醫院淹水需協助抽水機抽水,120.255753,23.467924,"23.467924,120.255753"
1001002,嘉義縣,朴子市,嘉義縣朴子市雙溪里,1,0,0,Flood,2009-8-9 10:50,雙溪口水閘門破掉造成附近住家淹大水,120.280635,23.486338,"23.486338,120.280635"
1001003,嘉義縣,布袋鎮,嘉義縣布袋鎮貴舍里,1,0,0,Flood,2009-8-9 17:05,貴舍里全村皆淹水有平房淹水半樓高須撤離,120.210454,23.435216,"23.435216,120.210454"
1001003,嘉義縣,布袋鎮,嘉義縣布袋鎮白水湖,1,0,0,Flood,2009-8-9 11:55,上述地點淹水請求支援2臺抽水機,120.162101,23.377707,"23.377707,120.162101"
1001003,嘉義縣,布袋鎮,嘉義縣布袋鎮東港里埔仔厝整村淹水,1,0,0,Flood,2009-8-9 11:25,整村淹水，請求前往抽水。,120.193369,23.37681,"23.37681,120.193369"
1001003,嘉義縣,布袋鎮,嘉義縣布袋鎮貴舍里半月,1,0,0,Flood,2009-8-11 12:44,上述地點靠近十全駕訓班一帶持續淹水請調派抽水機前往抽水,120.210454,23.435216,"23.435216,120.210454"
1001003,嘉義縣,布袋鎮,嘉義縣布袋鎮新岑里布袋國中附近,1,0,0,Flood,2009-8-10 07:14,淹水、抽水機未作動。,120.168498,23.347672,"23.347672,120.168498"
1001003,嘉義縣,布袋鎮,嘉義縣布袋鎮永安里277-16號,1,0,0,Flood,2009-8-9 07:40,布袋鎮永安里277-16號旁水門遭沖走水一直淹上來,120.18761,23.366604,"23.366604,120.18761"
1001003,嘉義縣,布袋鎮,嘉義縣布袋鎮光復里東安庄59號,1,0,0,Flood,2009-8-9 13:30,布袋地區抽水機損壞無法抽水,120.155221,23.365801,"23.365801,120.155221"
1001003,嘉義縣,布袋鎮,嘉義縣布袋鎮,1,0,0,Flood,2009-8-9 13:02,十全駕訓班附近堤防潰堤,120.162101,23.377707,"23.377707,120.162101"
1001003,嘉義縣,布袋鎮,嘉義縣布袋鎮,1,0,0,Flood,2009-8-10 16:05,前東港排水破提。,120.162101,23.377707,"23.377707,120.162101"
1001003,嘉義縣,布袋鎮,嘉義縣布袋鎮,1,0,0,Flood,2009-8-9 23:45,布袋分隊分隊長指出布袋鎮內災情頻傳，分隊人車全出動救災，請求國軍前往協助救災。,120.162101,23.377707,"23.377707,120.162101"
1001003,嘉義縣,布袋鎮,嘉義縣布袋鎮岑海里新南二街48號,1,0,0,Flood,2009-8-9 15:30,布袋鎮岑海里新南二街48號停電、淹水，請求物資支援及安置。,120.153727,23.378136,"23.378136,120.153727"
1001003,嘉義縣,布袋鎮,嘉義縣布袋鎮岑海里,1,0,0,Flood,2009-8-9 09:00,布袋鎮海埔新生地新北2街淹水請加派抽水機抽水,120.145799,23.379556,"23.379556,120.145799"
1001003,嘉義縣,布袋鎮,嘉義縣布袋鎮永安里277-16號,1,0,0,Flood,2009-8-9 09:09,上述地點大排破一個大洞造成附近淹水。,120.18761,23.366604,"23.366604,120.18761"
1001003,嘉義縣,布袋鎮,嘉義縣布袋鎮永安里,1,0,0,Flood,2009-8-9 12:53,淹水,120.18761,23.366604,"23.366604,120.18761"
1001003,嘉義縣,布袋鎮,嘉義縣布袋鎮,1,0,0,Flood,2009-8-9 12:05,布袋鎮海埔新生地2臺抽水機故障糗球支援抽水機,120.162101,23.377707,"23.377707,120.162101"
1001003,嘉義縣,布袋鎮,嘉義縣布袋鎮菜舖里24-2號,1,0,0,Flood,2009-8-9 11:53,同上地址有7大人12小孩因淹水受困水深半層樓需救援,120.221107,23.39066,"23.39066,120.221107"
1001003,嘉義縣,布袋鎮,嘉義縣布袋鎮公所,1,0,0,Flood,2009-8-9 11:55,輸送物資至淹水區,120.162101,23.377707,"23.377707,120.162101"
1001003,嘉義縣,布袋鎮,嘉義縣布袋鎮海埔新生地抽水站,1,0,0,Flood,2009-8-9 11:20,報案人表示:海埔新生地抽水站沒有起用，造成淹水。,120.162101,23.377707,"23.377707,120.162101"
1001003,嘉義縣,布袋鎮,嘉義縣布袋鎮好美里,1,0,0,Flood,2009-8-9 10:30,好美里淹水約1公尺高請加派抽水機或派員協助處理水患,120.13566,23.348882,"23.348882,120.13566"
1001003,嘉義縣,布袋鎮,嘉義縣布袋鎮過溝團結橋附近淹水,1,0,0,Flood,2009-8-9 09:40,布袋鎮過溝團結橋附近淹水,120.162101,23.377707,"23.377707,120.162101"
1001003,嘉義縣,布袋鎮,嘉義縣布袋鎮淹水,1,0,0,Flood,2009-8-9 08:30,布袋鎮淹水，請求阿兵哥20名支援。,120.162101,23.377707,"23.377707,120.162101"
1001003,嘉義縣,布袋鎮,嘉義縣布袋鎮海運街21號,1,0,0,Flood,2009-8-9 09:06,上述災害地點淹水亟需調派沙包20個,120.154152,23.381822,"23.381822,120.154152"
1001003,嘉義縣,布袋鎮,嘉義縣布袋鎮九龍里入船路嘉慶廟附近,1,0,0,Flood,2009-8-9 08:34,嘉慶廟附近淹水至膝蓋。,120.157722,23.37751,"23.37751,120.157722"
1001003,嘉義縣,布袋鎮,嘉義縣布袋鎮九龍里入船處,1,0,0,Flood,2009-8-9 08:34,嘉慶廟附近淹水至膝蓋,120.158322,23.37799,"23.37799,120.158322"
1001003,嘉義縣,布袋鎮,嘉義縣布袋鎮光復里,1,0,0,Flood,2009-8-9 08:20,光副里1段17巷1弄25號淹水,120.155221,23.365801,"23.365801,120.155221"
1001003,嘉義縣,布袋鎮,嘉義縣布袋鎮岱江里29巷,1,0,0,Flood,2009-8-9 08:30,全村淹水，最深及膝蓋，請求抽水機支援。,120.157722,23.376425,"23.376425,120.157722"
1001003,嘉義縣,布袋鎮,嘉義縣布袋鎮興中里太平路176號,1,0,0,Flood,2009-8-9 01:51,該地淹水且持續上漲中。,120.160654,23.378039,"23.378039,120.160654"
1001003,嘉義縣,布袋鎮,嘉義縣布袋鎮海埔新生地新南三街231號,1,0,0,Flood,2009-8-9 01:20,水淹1層樓高，要求申請抽水機。,120.167133,23.393601,"23.393601,120.167133"
1001003,嘉義縣,布袋鎮,嘉義縣布袋鎮布袋漁市,1,0,0,Flood,2009-8-9 01:13,布袋漁市淹大水，希望能儘速處理。,120.162101,23.377707,"23.377707,120.162101"
1001003,嘉義縣,布袋鎮,嘉義縣布袋鎮大崙淹水,1,0,0,Flood,2009-8-9 01:37,該地區淹水約40公分且持續上漲中。,120.162101,23.377707,"23.377707,120.162101"
1001004,嘉義縣,大林鎮,嘉義縣大林鎮西結里陳井寮191-1號,1,0,0,Flood,2009-8-9 18:27,淹水缺抽水機,120.414717,23.611792,"23.611792,120.414717"
1001004,嘉義縣,大林鎮,嘉義縣大林鎮西結里,1,0,0,Flood,2009-8-9 14:54,大林鎮西結里抽水機故障請求加派抽水機,120.414717,23.611792,"23.611792,120.414717"
1001005,嘉義縣,民雄鄉,嘉義縣民雄鄉金興村,1,0,0,Flood,2009-8-9 07:47,水深2尺高請求抽水機,120.439318,23.516141,"23.516141,120.439318"
1001005,嘉義縣,民雄鄉,嘉義縣民雄鄉大崎村、秀林村、亞昌村堤防,1,0,0,Flood,2009-8-9 14:15,"堤防潰堤，請國軍兵力80人協助。支援日期:8月10日
支援地點:秀林村、溪底寮、大崎村、亞昌村
聯絡人:秀林村村長09****2448",120.485727,23.52279,"23.52279,120.485727"
1001005,嘉義縣,民雄鄉,嘉義縣民雄鄉金興村集福街10巷45號,1,0,0,Flood,2009-8-9 13:30,金世界社區又開始淹水約1樓高民生物資在社區入口無人送達急須食物及飲水,120.436611,23.517194,"23.517194,120.436611"
1001005,嘉義縣,民雄鄉,嘉義縣民雄鄉民雄地下道,1,0,0,Flood,2009-8-9 09:25,民雄地下道淹水。,120.432701,23.562262,"23.562262,120.432701"
1001005,嘉義縣,民雄鄉,嘉義縣民雄鄉金興村42巷36號,1,0,0,Flood,2009-8-9 11:42,位處3樓目前金世界淹水家中有2名大人其中1位行動不便，請提供物資。,120.439318,23.516141,"23.516141,120.439318"
1001005,嘉義縣,民雄鄉,嘉義縣民雄鄉,1,0,0,Flood,2009-8-9 10:33,臺一線協同中學前道路淹水車輛無法通行,120.432701,23.562262,"23.562262,120.432701"
1001005,嘉義縣,民雄鄉,嘉義縣民雄鄉集福街32巷49號,1,0,0,Flood,2009-8-9 03:50,民雄鄉集福街32巷49號附近淹水至2樓請求協助撤離。,120.436829,23.515798,"23.515798,120.436829"
1001005,嘉義縣,民雄鄉,嘉義縣民雄鄉秀林村,1,0,0,Flood,2009-8-10 12:26,民雄鄉秀林村溪底寮堤防崩塌約40-50公尺因目前淹水已退請恕派員處理民眾反映怕水位升高時又會再次淹水,120.476247,23.509992,"23.509992,120.476247"
1001005,嘉義縣,民雄鄉,嘉義縣民雄鄉金興村金世界,1,0,0,Flood,2009-8-9 02:22,金世界一帶淹水嚴重，請求派消防車協助勸離,120.439318,23.516141,"23.516141,120.439318"
1001005,嘉義縣,民雄鄉,嘉義縣民雄鄉金世界惠安街59巷12號,1,0,0,Flood,2009-8-9 08:09,上述地點造成淹水有3個大人3個小孩等待救援,120.447469,23.576263,"23.576263,120.447469"
1001005,嘉義縣,民雄鄉,嘉義縣民雄鄉大崎村,1,0,0,Flood,2009-8-9 10:40,民雄鄉大崎村水淹及腰。,120.485727,23.52279,"23.52279,120.485727"
1001005,嘉義縣,民雄鄉,嘉義縣民雄鄉西昌村,1,0,0,Flood,2009-8-9 09:40,上述地點大淹水請支援抽水機,120.380583,23.543411,"23.543411,120.380583"
1001005,嘉義縣,民雄鄉,嘉義縣民雄鄉金興村立德街,1,0,0,Flood,2009-8-9 04:45,"紀SIR透過中央應變中心幫他媳婦陳美惠09****5190報案
陳小姐受困在住家2樓(淹水)",120.440395,23.517431,"23.517431,120.440395"
1001005,嘉義縣,民雄鄉,嘉義縣民雄鄉朴子溪與臺鐵,1,0,0,Flood,2009-8-9 03:36,"一、臺鐵與朴子潰堤(往民雄)。
二、秀林村(溪底寮)活動水門破壞。",120.432701,23.562262,"23.562262,120.432701"
1001005,嘉義縣,民雄鄉,嘉義縣民雄鄉秀林村朴子溪堤防活動水門,1,0,0,Flood,2009-8-9 03:28,朴子溪堤防活動水門損壞，已潰堤。,120.476247,23.509992,"23.509992,120.476247"
1001006,嘉義縣,溪口鄉,嘉義縣溪口鄉游西村,1,0,0,Flood,2009-8-9 22:20,該村淹水係雲林縣大埤鄉公所將水抽至興安中排所造成，請告知雲林縣災害應變中心將大埤地區淹水抽至北港溪才不會造成游西村淹水。,120.395068,23.618706,"23.618706,120.395068"
1001006,嘉義縣,溪口鄉,嘉義縣溪口鄉游西村,1,0,0,Flood,2009-8-9 21:44,游西村水位上漲，開始淹水似，大埤抽水站未動作,120.395068,23.618706,"23.618706,120.395068"
1001007,嘉義縣,新港鄉,嘉義縣新港鄉159號月眉橋,1,0,0,Flood,2009-8-9 00:38,水位暴漲，有危害之虞。,120.347564,23.55168,"23.55168,120.347564"
1001007,嘉義縣,新港鄉,嘉義縣新港鄉,1,0,0,Flood,2009-8-9 03:05,申請200沙包。(因朴子溪北堤防六興橋旁有缺口),120.346307,23.557366,"23.557366,120.346307"
1001008,嘉義縣,六腳鄉,嘉義縣六腳鄉,1,0,0,Flood,2009-8-9 21:53,六腳田寮農田水利排水倒塌(朴子過朴子大橋紅綠燈左轉到底),120.291657,23.500496,"23.500496,120.291657"
1001008,嘉義縣,六腳鄉,嘉義縣六腳鄉灣內,1,0,0,Flood,2009-8-9 12:00,抽水機損壞、故障。,120.291657,23.500496,"23.500496,120.291657"
1001008,嘉義縣,六腳鄉,嘉義縣六腳鄉嘉59線蓖麻橋(埤溝橋),1,0,0,Flood,2009-8-9 00:25,朴子溪水位持續上漲，離堤防頂僅餘不足1公尺。,120.291657,23.500496,"23.500496,120.291657"
1001008,嘉義縣,六腳鄉,嘉義縣六腳鄉,1,0,0,Flood,2009-8-9 15:05,臺北支援抽水機1臺因管子破裂請求支援,120.291657,23.500496,"23.500496,120.291657"
1001008,嘉義縣,六腳鄉,嘉義縣六腳鄉更寮村,1,0,0,Flood,2009-8-9 12:30,朴子橋往六腳耕聊方向堤防破損請求進行圍堵作業以防災害發生,120.230896,23.474024,"23.474024,120.230896"
1001008,嘉義縣,六腳鄉,嘉義縣六腳鄉灣南村,1,0,0,Flood,2009-8-9 11:30,灣南村3臺抽水機故障請求處理。,120.30987,23.493926,"23.493926,120.30987"
1001008,嘉義縣,六腳鄉,嘉義縣六腳鄉灣內,1,0,0,Flood,2009-8-9 10:22,六腳鄉灣內堤防潰堤造成朴子市大糠榔淹水,120.291657,23.500496,"23.500496,120.291657"
1001008,嘉義縣,六腳鄉,嘉義縣六腳鄉,1,0,0,Flood,2009-8-9 05:38,嘉59線蒜頭往灣內，埤頭橋附近堤防離滿水位不及1公尺，恐致危害。,120.291657,23.500496,"23.500496,120.291657"
1001008,嘉義縣,六腳鄉,嘉義縣六腳鄉蒜頭村糖廠後方朴子溪與新埤圳堤防,1,0,0,Flood,2009-8-9 08:20,嘉義縣六腳鄉蒜頭村糖廠後方朴子溪與新埤圳堤防破洞，請求支援。,120.287183,23.495465,"23.495465,120.287183"
1001009,嘉義縣,東石鄉,嘉義縣東石鄉塭仔村附近,1,0,0,Flood,2009-8-9 08:35,東石鄉塭仔村附近抽水機故障，造成附近民眾住家淹水。,120.174206,23.437016,"23.437016,120.174206"
1001009,嘉義縣,東石鄉,嘉義縣東石鄉東崙村52號,1,0,0,Flood,2009-8-10 16:16,淹水,120.194033,23.434869,"23.434869,120.194033"
1001009,嘉義縣,東石鄉,嘉義縣東石鄉西崙村353號,1,0,0,Flood,2009-8-10 17:10,淹水,120.194405,23.425836,"23.425836,120.194405"
1001009,嘉義縣,東石鄉,嘉義縣東石鄉西崙村,1,0,0,Flood,2009-8-10 10:46,水淹及膝目前持續下雨中,120.194405,23.425836,"23.425836,120.194405"
1001009,嘉義縣,東石鄉,嘉義縣東石鄉西崙村,1,0,0,Flood,2009-8-10 14:30,淹水一直都沒退,120.194405,23.425836,"23.425836,120.194405"
1001009,嘉義縣,東石鄉,嘉義縣東石鄉塭仔村,1,0,0,Flood,2009-8-10 11:00,淹水嚴重請回電報告處理作為,120.174206,23.437016,"23.437016,120.174206"
1001009,嘉義縣,東石鄉,嘉義縣東石鄉塭仔村,1,0,0,Flood,2009-8-10 10:55,淹水嚴重,120.174206,23.437016,"23.437016,120.174206"
1001009,嘉義縣,東石鄉,嘉義縣東石鄉塭仔村,1,0,0,Flood,2009-8-9 08:47,2臺抽水機故障水已淹至馬路請求抽水機支援,120.174206,23.437016,"23.437016,120.174206"
1001009,嘉義縣,東石鄉,嘉義縣東石鄉塭仔村後埔100號,1,0,0,Flood,2009-8-10 21:19,報案人指稱上述地點水深及膝.請指派人員抽水.,120.174206,23.437016,"23.437016,120.174206"
1001009,嘉義縣,東石鄉,嘉義縣東石鄉膽潭村,1,0,0,Flood,2009-8-9 10:28,東石鄉膽潭村目前已淹水只有1部抽水機目前淹水水位已慢漫上升請加派人員及調度抽水機協助處裡,120.142668,23.452558,"23.452558,120.142668"
1001009,嘉義縣,東石鄉,嘉義縣東石鄉掌潭村,1,0,0,Flood,2009-8-10 13:10,掌潭村與過溝交界處嚴重淹水,120.163177,23.41642,"23.41642,120.163177"
1001009,嘉義縣,東石鄉,嘉義縣東石鄉掌潭29號,1,0,0,Flood,2009-8-10 20:00,東石鄉掌潭村29號附近淹水.請加強派抽水車協助抽水.聯絡電話09****4678余先生.,120.172704,23.418973,"23.418973,120.172704"
1001009,嘉義縣,東石鄉,嘉義縣東石鄉臺17線,1,0,0,Flood,2009-8-10 23:05,臺17線東石往過溝水門關閉造成東石淹水。,120.142668,23.452558,"23.452558,120.142668"
1001009,嘉義縣,東石鄉,嘉義縣東石鄉塭仔村,1,0,0,Flood,2009-8-10 20:22,溫仔村後部抽水站抽水機損壞.請碇派抽水機支援.,120.174206,23.437016,"23.437016,120.174206"
1001009,嘉義縣,東石鄉,嘉義縣東石鄉西崙村581號,1,0,0,Flood,2009-8-11 00:38,西崙村8月10日1600至1800水位下降2吋，1800-2400水位不降反升，請求協助。,120.194405,23.425836,"23.425836,120.194405"
1001009,嘉義縣,東石鄉,嘉義縣東石鄉洲仔村,1,0,0,Flood,2009-8-10 03:48,村內水位升高(大廟附近),120.19757,23.454438,"23.454438,120.19757"
1001009,嘉義縣,東石鄉,嘉義縣東石鄉港墘村十全駕訓班旁,1,0,0,Flood,2009-8-9 20:13,上述地點積水，申請加班抽水機，民眾見電視有熱心民眾欲支援抽水機，請請安裝，聯絡電話：09****1685,120.216747,23.459725,"23.459725,120.216747"
1001009,嘉義縣,東石鄉,嘉義縣東石鄉塭仔村8鄰20號,1,0,0,Flood,2009-8-11 10:10,水淹及胸缺乏物資,120.174206,23.437016,"23.437016,120.174206"
1001009,嘉義縣,東石鄉,嘉義縣東石鄉掌潭村,1,0,0,Flood,2009-8-11 18:00,掌潭村已經淹水2-3天了，請求抽水機。(詹國安0911194541),120.163177,23.41642,"23.41642,120.163177"
1001009,嘉義縣,東石鄉,嘉義縣東石鄉栗仔崙19號,1,0,0,Flood,2009-8-11 11:50,6人{4大2小}請求抽水機抽水及物資發放,120.163177,23.41642,"23.41642,120.163177"
1001009,嘉義縣,東石鄉,嘉義縣東石鄉掌潭村9之29號,1,0,0,Flood,2009-8-11 01:13,中央災害應變中心王秘書來電告知上述地點水深及腰，報案人：蕭先生：09****9625,120.163177,23.41642,"23.41642,120.163177"
1001009,嘉義縣,東石鄉,嘉義縣東石鄉塭仔村,1,0,0,Flood,2009-8-10 20:40,"上述地點水深及胸，需要救援。
(張先生，09****5747)
05-****183",120.174206,23.437016,"23.437016,120.174206"
1001009,嘉義縣,東石鄉,嘉義縣東石鄉永屯村栗子崙,1,0,0,Flood,2009-8-10 15:50,"一、栗子崙淹水。
二、缺少物資，請求支援。",120.169713,23.453854,"23.453854,120.169713"
1001009,嘉義縣,東石鄉,嘉義縣東石鄉塭仔村20號,1,0,0,Flood,2009-8-10 14:42,上述地點民眾淹水斷糧請求運送物資,120.174206,23.437016,"23.437016,120.174206"
1001009,嘉義縣,東石鄉,嘉義縣東石鄉全村,1,0,0,Flood,2009-8-9 22:40,全鄉淹水，須軍卡軍載送抽水機，及油料抽水用。,120.142668,23.452558,"23.452558,120.142668"
1001009,嘉義縣,東石鄉,嘉義縣東石鄉掌潭村,1,0,0,Flood,2009-8-9 17:55,掌潭村擋水牆掏空請求40包太空包,120.163177,23.41642,"23.41642,120.163177"
1001009,嘉義縣,東石鄉,嘉義縣東石鄉西崙村14鄰,1,0,0,Flood,2009-8-9 15:50,目前屋內水已淹及跨邊高度，請派員提供物資，並給予關懷。,120.194405,23.425836,"23.425836,120.194405"
1001009,嘉義縣,東石鄉,嘉義縣東石鄉港墘村,1,0,0,Flood,2009-8-9 17:15,港墘村周遭水位已快達淹水狀況請盡速派抽水機抽水,120.216747,23.459725,"23.459725,120.216747"
1001009,嘉義縣,東石鄉,嘉義縣東石鄉嘉南大圳嘉七橋,1,0,0,Flood,2009-8-9 11:42,嘉南大圳嘉七橋破堤，請派員處理。,120.142668,23.452558,"23.452558,120.142668"
1001009,嘉義縣,東石鄉,嘉義縣東石鄉洲仔村臺糖農地堤防,1,0,0,Flood,2009-8-9 14:50,東石鄉洲仔村臺糖農地堤防需抽水機,120.19757,23.454438,"23.454438,120.19757"
1001009,嘉義縣,東石鄉,嘉義縣東石鄉塭仔村,1,0,0,Flood,2009-8-9 08:25,淹水，抽水機故障。,120.174206,23.437016,"23.437016,120.174206"
1001010,嘉義縣,義竹鄉,嘉義縣義竹鄉北華村永華橋,1,0,0,Flood,2009-8-9 20:55,義竹鄉北華村永華橋附近淹水，且永華橋有缺口，有潰堤之虞,120.192604,23.352539,"23.352539,120.192604"
1001010,嘉義縣,義竹鄉,嘉義縣義竹鄉新店村新店大排邊,1,0,0,Flood,2009-8-11 12:18,新店大排邊有一缺口造成淹水。,120.195548,23.329851,"23.329851,120.195548"
1001010,嘉義縣,義竹鄉,嘉義縣義竹鄉六桂村,1,0,0,Flood,2009-8-9 10:10,"一、六桂村翁岳生舊宅旁堤防倒塌，本鄉無法自行處理，請聯絡五河局支援。
二、本鄉絕大部分遭淹沒，請支援太空包及沙包檔水。",120.240382,23.330651,"23.330651,120.240382"
1001010,嘉義縣,義竹鄉,嘉義縣義竹鄉中平村,1,0,0,Flood,2009-8-9 06:50,義竹鄉中平村八掌溪溪水暴漲水位高漲.即將溢堤.,120.27087,23.367064,"23.367064,120.27087"
1001010,嘉義縣,義竹鄉,嘉義縣義竹鄉西過村280號淹水,1,0,0,Flood,2009-8-9 10:09,義竹鄉西過村280號淹水，楊小姐(09****7034)表示西過村全村淹水，請求疏散居民。,120.201447,23.305755,"23.305755,120.201447"
1001010,嘉義縣,義竹鄉,嘉義縣義竹鄉,1,0,0,Flood,2009-8-9 11:30,義竹鄉新店村後鎮村北華村岸腳村平溪村淹水協助救援災民,120.244875,23.398814,"23.398814,120.244875"
1001010,嘉義縣,義竹鄉,嘉義縣義竹鄉中平村,1,0,0,Flood,2009-8-9 06:26,該村8掌溪即將溢堤請派員警協助疏散,120.27087,23.367064,"23.367064,120.27087"
1001010,嘉義縣,義竹鄉,嘉義縣義竹鄉官順村、新店村、岸腳村、北華村、後鎮村積水,1,0,0,Flood,2009-8-9 10:35,本鄉目前積水嚴重，尤以官順村、新店村、岸腳村、北華村、後鎮村特別嚴重，急需移動式抽水機10臺，以利淹水村落排水。,120.173949,23.30909,"23.30909,120.173949"
1001011,嘉義縣,鹿草鄉,嘉義縣鹿草鄉碧潭村,1,0,0,Flood,2009-8-9 08:00,全村淹水1尺高以上，請求支援﹝公車2臺﹞,120.29822,23.385067,"23.385067,120.29822"
1001011,嘉義縣,鹿草鄉,嘉義縣鹿草鄉碧潭村,1,0,0,Flood,2009-8-9 14:15,因淹水居民需撤離至竹園國小收容處所，請公車處支援1臺公車。,120.29822,23.385067,"23.385067,120.29822"
1001011,嘉義縣,鹿草鄉,嘉義縣鹿草鄉三角村,1,0,0,Flood,2009-8-9 18:06,堤防潰堤全村淹水，請求協助清掃消毒,120.330354,23.394875,"23.394875,120.330354"
1001011,嘉義縣,鹿草鄉,嘉義縣鹿草鄉下潭、頂潭,1,0,0,Flood,2009-8-9 05:00,鹿草鄉下潭頂潭等八掌溪沿岸許厝寮恐有溢堤淹水之虞，請宣導疏散,120.284547,23.431703,"23.431703,120.284547"
1001011,嘉義縣,鹿草鄉,嘉義縣鹿草鄉三角村,1,0,0,Flood,2009-8-9 09:30,鹿草鄉三角村淹水怕有危險(住戶:黃木田、黃英城09****3929)。,120.330354,23.394875,"23.394875,120.330354"
1001011,嘉義縣,鹿草鄉,嘉義縣鹿草鄉碧潭村35號,1,0,0,Flood,2009-8-9 12:25,"1.上述地點水淹及膝需救援5大3小
2.該案為陳先生報案0933628886",120.29822,23.385067,"23.385067,120.29822"
1001011,嘉義縣,鹿草鄉,嘉義縣鹿草鄉重寮村,1,0,0,Flood,2009-8-9 10:45,嘉義縣鹿草鄉中寮村媽祖廟前約10幾人受困須撤離,120.314603,23.399913,"23.399913,120.314603"
1001011,嘉義縣,鹿草鄉,嘉義縣鹿草鄉堤防邊,1,0,0,Flood,2009-8-9 01:28,該處淹水請啟動抽水機抽水，並加派抽水機,120.284547,23.431703,"23.431703,120.284547"
1001012,嘉義縣,水上鄉,嘉義縣水上鄉中庄村,1,0,0,Flood,2009-8-10 17:18,水上鄉中庄村堤防排水閘門阻塞請調派抽水機協助抽水,120.437224,23.426971,"23.426971,120.437224"
1001012,嘉義縣,水上鄉,嘉義縣水上鄉中庄村,1,0,0,Flood,2009-8-9 18:30,水上鄉中庄村線淹水近1天若不作處置100多甲農作物將損失另通合橋永欽2號橋亦不能通車希望派橡皮艇來打開水門讓積水排除,120.437224,23.426971,"23.426971,120.437224"
1001012,嘉義縣,水上鄉,嘉義縣水上鄉富成橋堤防塌400M,1,0,0,Flood,2009-8-9 15:45,上述堤防坍塌約400M,120.408609,23.429854,"23.429854,120.408609"
1001012,嘉義縣,水上鄉,嘉義縣水上鄉靖和村南靖糖廠138-1號,1,0,0,Flood,2009-8-9 10:36,靖和村已開始積水因排水不良急需沙包支援,120.367724,23.406666,"23.406666,120.367724"
1001012,嘉義縣,水上鄉,嘉義縣水上鄉大崙村,1,0,0,Flood,2009-8-9 12:40,水上交流道往大崙村村口水深及小腿肚,120.361995,23.44098,"23.44098,120.361995"
1001012,嘉義縣,水上鄉,嘉義縣水上鄉美上美915號,1,0,0,Flood,2009-8-9 08:30,上述地點排水溝不通。,120.406537,23.458809,"23.458809,120.406537"
1001012,嘉義縣,水上鄉,嘉義縣水上鄉振鍵鐵工廠附近,1,0,0,Flood,2009-8-9 11:00,排水溝淹水淹入民宅,120.408609,23.429854,"23.429854,120.408609"
1001012,嘉義縣,水上鄉,嘉義縣水上鄉鴿溪寮,1,0,0,Flood,2009-8-9 09:30,水上鄉鴿溪寮北回歸線附近有淹水請求抽水機前往抽水,120.408609,23.429854,"23.429854,120.408609"
1001012,嘉義縣,水上鄉,嘉義縣水上鄉柳新村,1,0,0,Flood,2009-8-9 09:08,美上美社區今天早上水位又上漲，昨天未撤離之行動不便老人，請派員協助撤離。(村長09****6327),120.409957,23.4297,"23.4297,120.409957"
1001012,嘉義縣,水上鄉,嘉義縣水上鄉美上美社區堤防,1,0,0,Flood,2009-8-9 09:11,水位即將溢出,120.408609,23.429854,"23.429854,120.408609"
1001012,嘉義縣,水上鄉,嘉義縣水上鄉南靖糖廠,1,0,0,Flood,2009-8-9 06:23,淹水請求抽水機支援,120.408609,23.429854,"23.429854,120.408609"
1001012,嘉義縣,水上鄉,嘉義縣水上鄉溪洲村外溪州127、128號,1,0,0,Flood,2009-8-9 03:03,溪州村外溪州127-128號淹水。,120.398205,23.413721,"23.413721,120.398205"
1001012,嘉義縣,水上鄉,嘉義縣水上鄉柳林村柳子林1798號,1,0,0,Flood,2009-8-9 01:56,請求抽水機。,120.420223,23.42823,"23.42823,120.420223"
1001012,嘉義縣,水上鄉,嘉義縣水上鄉三喜村,1,0,0,Flood,2009-8-9 01:20,上述地點近外溪洲附近水深及大腿，請求抽水機協助。,120.408609,23.429854,"23.429854,120.408609"
1001013,嘉義縣,中埔鄉,嘉義縣中埔鄉後庄里大排,1,0,0,Flood,2009-8-9 09:20,大排水溝阻塞淹水嚴重,120.474071,23.455693,"23.455693,120.474071"
1001013,嘉義縣,中埔鄉,嘉義縣中埔鄉中崙溪中崙國小段,1,0,0,Flood,2009-8-9 07:49,該處有一名男性民眾(賴樹木約50歲)被洪水沖走。,120.474071,23.455693,"23.455693,120.474071"
1001014,嘉義縣,竹崎鄉,嘉義縣竹崎鄉和平村振安橋,1,0,0,Flood,2009-8-9 04:12,振安橋旁堤防被水衝毀，請求搶修,120.551959,23.511802,"23.511802,120.551959"
1001014,嘉義縣,竹崎鄉,嘉義縣竹崎鄉鹿滿加油站,1,0,0,Flood,2009-8-9 02:15,請求抽水機,120.551997,23.525027,"23.525027,120.551997"
1001014,嘉義縣,竹崎鄉,嘉義縣竹崎鄉灣橋村233號,1,0,0,Flood,2009-8-9 02:06,上述地點淹水請求抽水機支援。,120.522864,23.489216,"23.489216,120.522864"
1001014,嘉義縣,竹崎鄉,嘉義縣竹崎鄉桃源村勝源路26號,1,0,0,Flood,2009-8-9 01:50,溪水暴漲，受困請求支援。,120.582279,23.485747,"23.485747,120.582279"
1001014,嘉義縣,竹崎鄉,嘉義縣竹崎鄉中山路162號,1,0,0,Flood,2009-8-9 01:14,上述地點淹水需要沙包。,120.55026,23.520923,"23.520923,120.55026"
1001015,嘉義縣,梅山鄉,嘉義縣梅山鄉太和村33號2樓,1,0,0,Flood,2009-8-9 10:30,梅山鄉太和村33號2樓屋頂受困10多人請求疏散當地居民簡先生09****3589,120.714142,23.542305,"23.542305,120.714142"
1001015,嘉義縣,梅山鄉,嘉義縣梅山鄉中山路162號,1,0,0,Flood,2009-8-9 02:47,中山路積水嚴重。,120.558081,23.583492,"23.583492,120.558081"
1001016,嘉義縣,番路鄉,嘉義縣番路鄉吳鳳橋南邊臺3線河水溢出,1,0,0,Flood,2009-8-9 01:15,河水溢出恐影響人車安全,120.504437,23.479978,"23.479978,120.504437"
1001017,嘉義縣,大埔鄉,嘉義縣大埔鄉茄苳村87號,1,0,0,Flood,2009-8-9 00:42,現場水淹半層樓高，請協助搶救。,120.609797,23.250983,"23.250983,120.609797"
1001303,屏東縣,東港鎮,屏東縣東港鎮,1,0,0,Flood,2009-8-10 14:24,"東港鎮急需60部小型抽水機,抽取東港鎮各大樓地下室積水,",120.486355,22.486801,"22.486801,120.486355"
1001309,屏東縣,里港鄉,屏東縣里港鄉土庫村定遠路堤防,1,0,0,Flood,2009-8-11 01:46,屏東縣里港鄉土庫村定遠路堤防疑似潰堤，請求派人前往察看。,120.547944,22.819523,"22.819523,120.547944"
1001311,屏東縣,高樹鄉,屏東縣高樹鄉新豐村,1,0,0,Flood,2009-8-11 21:28,"1.上述地點梅蘭堰塞湖潰堤,山洪暴發沿荖濃溪下流請疏期高樹鄉新豐村.舊寮村.東振等村落居民疏散至收容安全處所。
2.980811,23:35鄉長:1.請取銷新聞臺``潰堤疏散``之跑馬燈,以免民眾繼續打電話進來占線。2.六龜居民於溪水消退後已返回,目前觀測本鄉水位並無上升情況,請求查證溪水暴漲確實狀況。",120.619152,22.857341,"22.857341,120.619152"
1001311,屏東縣,高樹鄉,武洛溪上游,1,0,0,Flood,2009-8-10 10:55,"武洛溪上游,廣福村,口社村(高樹鄉,三地門鄉)堤防潰堤",120.447469,23.576263,"23.576263,120.447469"
1001316,屏東縣,枋寮鄉,士文溪,1,0,0,Flood,2009-8-11 20:48,"中央應變中心科員林永俊轉報枋寮鄉士溪(靠近山區位置)有潰堤之虞,請相關單位勘查是否徹離。",120.651131,22.905775,"22.905775,120.651131"
1001316,屏東縣,枋寮鄉,屏東縣枋寮鄉北勢寮尾的率芒溪堤防,1,0,0,Flood,2009-8-11 04:00,1.民眾報案指出，屏東縣枋寮鄉北勢寮尾的率芒溪堤防疑似潰堤(枋寮大橋附近)。,120.564791,22.393103,"22.393103,120.564791"
1001318,屏東縣,崁頂鄉,屏東縣崁頂鄉,1,0,0,Flood,2009-8-10 16:46,清理環境請求國軍支援，九甲溪堤防潰堤,120.513089,22.540435,"22.540435,120.513089"
1001319,屏東縣,林邊鄉,屏東縣林邊鄉,1,0,0,Flood,2009-8-10 06:44,鄉公所請求支援沉水式抽水馬達5臺。,120.523233,22.453611,"22.453611,120.523233"
1001321,屏東縣,佳冬鄉,屏東縣佳冬鄉羌園村,1,0,0,Flood,2009-8-9 07:26,羌園村4塊厝泥巴汙積，請求國軍協助。,120.544322,22.435949,"22.435949,120.544322"
1001321,屏東縣,佳冬鄉,屏東縣佳冬鄉,1,0,0,Flood,2009-8-10 16:35,蘭蘆尾水閘門靠近海歐森林堤防損壞各50公尺,120.536245,22.448858,"22.448858,120.536245"
1001604,澎湖縣,西嶼鄉,澎湖縣西嶼鄉竹灣村222-1號,1,0,0,Flood,2009-8-9 06:48,澎湖縣西嶼鄉竹灣村222-1號共和造船廠遊艇積水,119.51387,23.635272,"23.635272,119.51387"
6400500,高雄縣,三民鄉,高雄縣三民鄉民生村,1,0,0,Flood,2009-8-10 22:08,那瑪夏鄉民生二村溪水暴漲,120.719217,23.268681,"23.268681,120.719217"
6402500,高雄縣,湖內鄉,高雄縣湖內鄉多處,1,0,0,Flood,2009-8-9 02:12,"1.湖內鄉湖中路與保生路小孩受困
2.養護中心10老人受困，請求支援救生艇
3.湖內鄉保生路269號2人受困
4.路德學社2F約15人需撤離（湖內鄉中山路二段174號）
5.湖內鄉新興街92巷33號老人受困、小孩發燒
6.太爺村全村淹150公分
7.公館村福生五街多戶淹水半層樓高",120.223542,22.89567,"22.89567,120.223542"
6402500,高雄縣,湖內鄉,高雄縣湖內鄉忠興村,1,0,0,Flood,2009-8-9 11:08,"水淹半人高,要求拉封鎖線",120.223542,22.89567,"22.89567,120.223542"
6402500,高雄縣,湖內鄉,高雄縣湖內鄉,1,0,0,Flood,2009-8-9 02:15,"1.二仁溪太爺段潰堤漫煙民宅，請求協助。
2.湖內鄉水深及胸，多人受困。",120.223542,22.89567,"22.89567,120.223542"
6403000,高雄縣,旗山鎮,高雄縣旗山鎮大德里中華路,1,0,0,Flood,2009-8-9 11:17,"河堤崩潰`
河水倒灌",120.48413,22.890603,"22.890603,120.48413"
6403000,高雄縣,旗山鎮,高雄縣旗山鎮,1,0,0,Flood,2009-8-10 20:48,旗尾溪石頭護岸衝垮,120.476774,22.856525,"22.856525,120.476774"
6403200,高雄縣,六龜鄉,高雄縣六龜鄉,1,0,0,Flood,2009-8-11 19:05,"六龜鄉淹水,請支援抽水機",120.637407,22.917535,"22.917535,120.637407"
6403300,高雄縣,甲仙鄉,高雄縣甲仙鄉西安村河南巷42號,1,0,0,Flood,2009-8-9 16:30,"1.報案人李研瑾指稱該處有大石滑落淹水之情況 , 約10\多人上山避難不之所蹤.
避難人員電話09****9505",120.621345,23.086423,"23.086423,120.621345"
6403300,高雄縣,甲仙鄉,高雄縣甲仙鄉忠義路61號,1,0,0,Flood,2009-8-9 21:20,"甲仙鄉忠義路61號 人員無法通聯失聯
忠義路25-3淹水嚴重 有43人",120.642947,23.161161,"23.161161,120.642947"
6403400,高雄縣,杉林鄉,高雄縣杉林鄉,1,0,0,Flood,2009-8-10 18:20,旗山溪溪水暴漲，有上百戶民眾生命遭受威脅。,120.556153,22.972894,"22.972894,120.556153"
6601500,臺中縣,后里鄉,臺中縣后里鄉后豐大橋,1,0,0,Flood,2009-8-9 10:56,后豐大橋溪流湍急，恐有危險，請加強橋樑安全監控。,120.723201,24.296283,"24.296283,120.723201"
#N/A,臺東縣,,臺東縣利稻村(甲仙橋),1,0,0,Flood,2009-8-10 20:00,報案人指稱上述村莊(利稻村)快被淹沒.請求救援.,121.02575,23.185873,"23.185873,121.02575"
#N/A,南投縣,,永平路中山橋,1,0,0,Flood,2009-8-9 14:35,水位徒增2m,120.643091,24.126844,"24.126844,120.643091"
#N/A,嘉義市,,嘉義市民生南路608巷185號,1,0,0,Flood,2009-8-9 01:30,水淹1公尺,120.440318,23.456937,"23.456937,120.440318"
#N/A,嘉義市,,興業路地下道,1,0,0,Flood,2009-8-9 00:50,地下道積水,120.42876,22.590413,"22.590413,120.42876"
#N/A,嘉義市,,嘉義市荖藤宅69-1號,1,0,0,Flood,2009-8-9 15:07,路面積水,120.445966,23.464931,"23.464931,120.445966"
#N/A,嘉義市,,嘉義市老藤里3鄰一帶,1,0,0,Flood,2009-8-9 16:16,淹水,120.429848,23.463827,"23.463827,120.429848"
#N/A,嘉義市,,嘉義市東義路盧山橋,1,0,0,Flood,2009-8-9 13:37,橋面抽水站淹水,120.467101,23.490191,"23.490191,120.467101"
#N/A,嘉義市,,嘉義市湖仔內路618號,1,0,0,Flood,2009-8-9 19:39,淹水需要沙包,120.445966,23.464931,"23.464931,120.445966"
#N/A,嘉義市,,嘉義市湖子內抽水站旁馬路,1,0,0,Flood,2009-8-9 16:36,路面積水,120.445966,23.464931,"23.464931,120.445966"
#N/A,嘉義市,,嘉義市湖仔內路672-2號,1,0,0,Flood,2009-8-9 17:25,淹水,120.445966,23.464931,"23.464931,120.445966"
#N/A,嘉義市,,嘉義市湖仔內725號,1,0,0,Flood,2009-8-9 15:48,水淹及膝,120.445966,23.464931,"23.464931,120.445966"
#N/A,嘉義市,,嘉義市湖仔內路672號,1,0,0,Flood,2009-8-9 12:07,屋內淹水,120.445966,23.464931,"23.464931,120.445966"
#N/A,嘉義市,,嘉義市湖子內路688號,1,0,0,Flood,2009-8-9 12:35,路面積水,120.439753,23.442718,"23.442718,120.439753"
#N/A,嘉義市,,嘉義市博愛路一段53號,1,0,0,Flood,2009-8-9 12:52,積水,120.452008,23.489649,"23.489649,120.452008"
#N/A,嘉義市,,嘉義市北社尾路北港路口,1,0,0,Flood,2009-8-9 15:05,道路積水,120.424964,23.494484,"23.494484,120.424964"
#N/A,嘉義市,,嘉義市光正街12巷,1,0,0,Flood,2009-8-9 18:16,淹水,120.469468,23.467708,"23.467708,120.469468"
#N/A,嘉義市,,嘉義市蘭井街西榮街口,1,0,0,Flood,2009-8-9 19:45,積水,120.458132,23.478376,"23.478376,120.458132"
#N/A,嘉義市,,嘉義市湖內里892號,1,0,0,Flood,2009-8-9 18:10,淹水,120.445966,23.464931,"23.464931,120.445966"
#N/A,嘉義市,,嘉義市興業西路地下道,1,0,0,Flood,2009-8-9 18:37,地下道淹水,120.433896,23.468709,"23.468709,120.433896"
#N/A,屏東縣,,高樹菜寮段,1,0,0,Flood,2009-8-9 07:25,高樹菜寮段堤防有潰堤之虞，請支援消波塊,0,0,"0,0"
#N/A,嘉義市,,嘉義市湖仔內746號1-23號,1,0,0,Flood,2009-8-9 17:59,淹水,120.445966,23.464931,"23.464931,120.445966"
#N/A,嘉義市,,嘉義市湖仔內653號,1,0,0,Flood,2009-8-9 17:56,淹水,120.445966,23.464931,"23.464931,120.445966"
#N/A,屏東縣,,林邊鄉新埤大橋,1,0,0,Flood,2009-8-9 09:03,林邊鄉新埤大橋右邊堤防潰堤,120.523233,22.453611,"22.453611,120.523233"
#N/A,屏東縣,,枋寮鄉大庄村,1,0,0,Flood,2009-8-9 15:10,枋寮鄉大庄村海堤潰堤,120.564791,22.393103,"22.393103,120.564791"
#N/A,嘉義市,,嘉義市湖子內永欽一號橋旁,1,0,0,Flood,2009-8-9 16:57,大排水溝有缺口,120.445966,23.464931,"23.464931,120.445966"
#N/A,嘉義市,,嘉義市忠孝路790-153號,1,0,0,Flood,2009-8-9 16:45,地下室積水,120.444309,23.51513,"23.51513,120.444309"
#N/A,屏東縣,,屏東縣萬丹鄉竹林村,1,0,0,Flood,2009-8-9 17:20,1名約60歲男子因颱風天豪雨溪水暴漲，於天色昏暗時騎機車通過屏東縣萬丹鄉竹林村土地公廟時，掉落路旁大排水溝連同機車遭大水沖走,120.50235,22.617049,"22.617049,120.50235"
#N/A,高雄縣,,高雄縣,1,0,0,Flood,2009-8-9 01:20,"旗山地區溪水暴漲,多數道路民宅遭水淹沒,8日晚間六時許 國道10號旗山終點右轉臺3線往里港方向,多輛汽車旗民眾遭水危困,情況危及,路竹分隊隊員蘇勝峰前往救災,救出數人,過程中因水流湍急,蘇員遭洪水沖走,
經同仁已繩索救援不及,沖向下游.百公尺.訓練有訴自救上岸,造成右手臂內側及肋骨多處挫傷.(為本局消防同仁)",120.719217,23.268681,"23.268681,120.719217"
#N/A,屏東縣,,佳冬鄉大同村,1,0,0,Flood,2009-8-9 16:30,佳冬鄉大同村河堤潰堤，請相關單位處理,120.536245,22.448858,"22.448858,120.536245"
#N/A,屏東縣,,高樹鄉舊寮河堤,1,0,0,Flood,2009-8-9 16:00,高樹鄉舊寮河堤潰堤持續擴大，請求搶修,120.558208,22.800317,"22.800317,120.558208"
#N/A,屏東縣,,新園鄉新東村地區,1,0,0,Flood,2009-8-9 11:42,新園鄉新東村地區淹水，村長花門先生請求太空包支援(村長電話：09****1088),120.452808,22.528686,"22.528686,120.452808"
#N/A,嘉義市,,嘉義市228往家大方向砂石場,1,0,0,Flood,2009-8-9 16:06,大排水溝阻塞,120.462278,23.488409,"23.488409,120.462278"
#N/A,屏東縣,,高樹鄉新豐村,1,0,0,Flood,2009-8-9 15:25,高樹鄉新豐村溢堤,120.619152,22.857341,"22.857341,120.619152"
#N/A,嘉義市,,嘉義市嘉大蘭潭校區前排水溝,1,0,0,Flood,2009-8-9 16:05,大排水溝阻塞,120.429848,23.463827,"23.463827,120.429848"
#N/A,嘉義市,,嘉義市保忠一街123號,1,0,0,Flood,2009-8-9 12:15,屋內淹水,120.451149,23.51227,"23.51227,120.451149"
#N/A,嘉義市,,嘉義市嘉大鹿寮里養護中心前,1,0,0,Flood,2009-8-9 15:26,大排水溝快倒塌,120.429848,23.463827,"23.463827,120.429848"
#N/A,嘉義市,,嘉義市玉山二村70號,1,0,0,Flood,2009-8-9 12:43,屋內積水,120.445966,23.464931,"23.464931,120.445966"
#N/A,南投縣,,水里鄉農神橋,1,0,0,Flood,2009-8-9 12:31,農神橋水位達警戒,120.855721,23.815547,"23.815547,120.855721"
#N/A,嘉義縣,,嘉義縣朴子溪月眉潭大橋,1,0,0,Flood,2009-8-9 11:15,朴子溪月眉潭大橋二側水門卡住。,120.561399,23.253371,"23.253371,120.561399"
1000811,南投縣,水里鄉,臺21線旁,1,0,0,Flood,2009-8-9 13:51,6戶民宅因陳友蘭溪河岸沖刷流失,120.707683,23.461897,"23.461897,120.707683"
1000811,南投縣,水里鄉,新山村壽山橋附近,1,0,0,Flood,2009-8-9 09:47,房屋約19戶遭溪水毀損,0,0,"0,0"
1001001,嘉義縣,太保市,嘉義縣太保市田尾里西南庄堤防邊,1,0,0,Flood,2009-8-9 10:26,太保市田尾里西南庄堤防邊怪車連人帶車被水沖走，怪手司機姓詹(先生)。,120.329249,23.499307,"23.499307,120.329249"
1001014,嘉義縣,竹崎鄉,嘉義縣竹崎鄉嘉122線,1,0,0,Flood,2009-8-11 19:18,竹崎鄉金福橋橋臺下游箱形蛇籠沖毀。,120.551997,23.525027,"23.525027,120.551997"
1001014,嘉義縣,竹崎鄉,嘉義縣竹崎鄉仁壽村,1,0,0,Flood,2009-8-9 11:12,嘉義縣竹崎鄉仁壽村水社寮1-1號民宅沖走人員失聯,120.626562,23.528633,"23.528633,120.626562"
1001014,嘉義縣,竹崎鄉,嘉義縣竹崎鄉和平村山仔門75-26號,1,0,0,Flood,2009-8-9 05:41,上述地點豬舍被沖毀，有豬隻死亡，怕有衛生問題,120.551959,23.511802,"23.511802,120.551959"
1001015,嘉義縣,梅山鄉,嘉義縣梅山鄉太和村樟樹湖27號,1,0,0,Flood,2009-8-10 15:50,"許先生09****3286申請直昇機
住戶葉賴妥、葉俊成、邱阿貴及鄰近家園沖毀安置至上山茶場﹝罹患重病﹞急需直升機救護送醫",120.714142,23.542305,"23.542305,120.714142"
1001015,嘉義縣,梅山鄉,嘉義縣梅山鄉3鄰69號,1,0,0,Flood,2009-8-9 15:40,"上述地點有1人心臟病藥物被水沖走，需請求直升機。(瑞里國小)
林村長、蔡幹事05-****413",120.559161,23.579832,"23.579832,120.559161"
1001018,嘉義縣,阿里山鄉,嘉義縣阿里山鄉山美村橋頭,1,0,0,Flood,2009-8-9 18:00,"山美村橋頭(該戶無地址)
戶長(住戶):杜學生，房屋遭大水沖走，該戶共有3人失聯。",120.692518,23.374958,"23.374958,120.692518"
1001018,嘉義縣,阿里山鄉,嘉義縣阿里山鄉里佳村20號附近,1,0,0,Flood,2009-8-9 09:38,阿里山鄉里佳村4鄰20號附近房屋被沖走附近楊小姐目擊且擔心自身安全請求協助楊小姐092****2018,120.707309,23.412138,"23.412138,120.707309"
1001327,屏東縣,霧臺鄉,屏東縣霧臺鄉,1,0,0,Flood,2009-8-9 20:35,伊拉部落60人受困，6人被沖走。,120.746496,22.747204,"22.747204,120.746496"
1001330,屏東縣,來義鄉,屏東縣來義鄉古棲堤堤昉,1,0,0,Flood,2009-8-9 03:35,上述地點堤昉沖毀，有人疑似失蹤請求協助。,120.662056,22.560249,"22.560249,120.662056"
1001330,屏東縣,來義鄉,屏東縣來義鄉南和村,1,0,0,Flood,2009-8-9 19:20,白鷺社區舊部落因溪水沖毀堤防道路，現有5名民眾受困在舊部落內，居民受困無法進出，情況危急，需要救援。,120.641827,22.435923,"22.435923,120.641827"
6400500,高雄縣,三民鄉,高雄縣三民鄉,1,0,0,Flood,2009-8-9 16:33,"那瑪夏鄉校舍沖毀,數名老師受困",120.719217,23.268681,"23.268681,120.719217"
6400500,高雄縣,三民鄉,高雄縣三民鄉,1,0,0,Flood,2009-8-9 02:09,鄉公所旁平臺被沖走，民族國小旁2戶人家被沖走，人數不詳。,120.719217,23.268681,"23.268681,120.719217"
6403300,高雄縣,甲仙鄉,高雄縣甲仙鄉中正路189巷2號,1,0,0,Flood,2009-8-9 21:03,甲仙鄉中正路189巷2號  房屋沖毀 人員失聯,120.587886,23.086899,"23.086899,120.587886"
6403700,高雄縣,桃源鄉,桃源鄉勤和村水利署工寮,1,0,0,Flood,2009-8-9 05:06,"報案人於4：21分來電報案稱其在接收無線電時，收到在桃源鄉勤和村水利署工寮共20幾人，其中16人被溪水沖走，其餘10幾人尚在工寮待救。（頻道14500MHK）
2.於0445接獲民間吉普車救難隊徐先生（09****5351）轉報於頻道14500MHK水利署人員14名待救，其中一人開放性骨折。
經查證附近尚有繼信營造公司約10人失聯.現場負責人劉建宏09****2432.繼信營造公司蔡子昭09****7753.",120.804316,23.218301,"23.218301,120.804316"
#N/A,屏東縣,,佳冬鄉,1,0,0,Flood,2009-8-9 19:30,經報案人表示運送物資時，目睹民眾從海埔橋附近竹筏被水流沖走，請求盡速前往處理,120.536245,22.448858,"22.448858,120.536245"
1000802,南投縣,埔里鎮,投72線,0,1,0,Traffic,2009-8-9 23:31,水頭里東潤路66-10號，路基淘空,120.600216,23.557087,"23.557087,120.600216"
1000802,南投縣,埔里鎮,向善里赤坎,0,1,0,Traffic,2009-8-9 18:13,堤防破堤掏空,0,0,"0,0"
1000802,南投縣,埔里鎮,成功里投68線7k處,0,1,0,Traffic,2009-8-9 18:20,道路坍方中斷,0,0,"0,0"
1000804,南投縣,竹山鎮,投158甲52k及149乙3.5k處,0,1,0,Traffic,2009-8-9 12:20,路面崩塌,120.711382,23.338862,"23.338862,120.711382"
1000804,南投縣,竹山鎮,投55線1.5k處,0,1,0,Traffic,2009-8-9 09:23,樹木倒塌，阻斷交通,120.714142,23.542305,"23.542305,120.714142"
1000804,南投縣,竹山鎮,桶頭里投57線,0,1,0,Traffic,2009-8-9 18:32,沿線落石斷木,120.374402,22.736566,"22.736566,120.374402"
1000806,南投縣,名間鄉,萬丹橋,0,1,0,Traffic,2009-8-9 16:37,橋樑下陷,120.707683,23.461897,"23.461897,120.707683"
1000806,南投縣,名間鄉,員集路47k,0,1,0,Traffic,2009-8-9 23:18,道路坍方，無法通行,120.707683,23.461897,"23.461897,120.707683"
1000807,南投縣,鹿谷鄉,廣興村,0,1,0,Traffic,2009-8-9 18:34,二突路塌陷,0,0,"0,0"
1000811,南投縣,水里鄉,投131線23k觀音橋,0,1,0,Traffic,2009-8-9 23:23,路基淘空,0,0,"0,0"
1000811,南投縣,水里鄉,臺16線11k處路基淘空，車輛掉落濁水溪,0,1,0,Traffic,2009-8-9 23:40,車號mn-1589駕駛吳振吉疑失蹤,120.478919,22.663398,"22.663398,120.478919"
1000811,南投縣,水里鄉,三廓坑上安橋下游,0,1,0,Traffic,2009-8-9 13:46,下游左側護岸基礎淘空約6m,120.886528,23.616085,"23.616085,120.886528"
1000812,南投縣,信義鄉,投60線往東埔橋多處,0,1,0,Traffic,2009-8-9 18:29,投60線往東埔橋多處掏空,120.714142,23.542305,"23.542305,120.714142"
1000813,南投縣,仁愛鄉,投83線4.7k、7.8k、15.4k處,0,1,0,Traffic,2009-8-9 19:21,道路坍方，交通中斷,120.707683,23.461897,"23.461897,120.707683"
1001001,嘉義縣,太保市,嘉義縣太保市北新里網溪底寮方向接近國道1號涵洞,0,1,0,Traffic,2009-8-11 12:40,有一橋樑{無橋名}橋墩外露鋼筋外露,120.400938,23.505811,"23.505811,120.400938"
1001001,嘉義縣,太保市,嘉義縣太保市北港路水牛厝公園前,0,1,0,Traffic,2009-8-11 16:35,兩處路面凹陷，影響行車安全。,120.388351,23.495744,"23.495744,120.388351"
1001002,嘉義縣,朴子市,嘉義縣朴子市市東路20之15號,0,1,0,Traffic,2009-8-9 22:20,"1戶民眾謝太太欲從家中移至民眾服務站，請派交通工具疏散至安全地點。民眾家地址：朴子市市東路20之15號
連絡電話：09****0935",120.24864,23.463234,"23.463234,120.24864"
1001002,嘉義縣,朴子市,嘉義縣朴子市大鄉里168縣道凱悅汽車旅館前,0,1,0,Traffic,2009-8-10 08:00,168縣道凱悅汽車旅館東面200辜尺處柏油路面隆起.影響交通.,120.259455,23.461513,"23.461513,120.259455"
1001009,嘉義縣,東石鄉,嘉義縣東石鄉,0,1,0,Traffic,2009-8-10 21:10,嘉157線臥龍橋至栗仔崙路段中段無法通行。,120.142668,23.452558,"23.452558,120.142668"
1001009,嘉義縣,東石鄉,嘉義縣東石鄉鰲鼓村鰲鼓段六腳排水堤防,0,1,0,Traffic,2009-8-10 15:35,路基搯空，堤坊破隕。,120.146562,23.504288,"23.504288,120.146562"
1001012,嘉義縣,水上鄉,嘉義縣水上鄉南鄉村10鄰,0,1,0,Traffic,2009-8-11 10:15,水上鄉南鄉村10鄰村里道路因走山路斷，請速搶通。,120.468589,23.410892,"23.410892,120.468589"
1001013,嘉義縣,中埔鄉,嘉義縣中埔鄉深坑村,0,1,0,Traffic,2009-8-10 08:30,深坑村小石門前農路中斷,120.519685,23.378971,"23.378971,120.519685"
1001013,嘉義縣,中埔鄉,嘉義縣中埔鄉中崙村2鄰30號附近道路及中埔4號橋,0,1,0,Traffic,2009-8-11 10:10,"一、中埔鄉中崙村需2部怪手支援(至中埔鄉公所報到)。
二、中埔鄉中崙村2鄰30號附近道路不通，請協助搶修便道。
三、中埔鄉中崙4號橋斷裂(往大埔方向)。",120.560966,23.373781,"23.373781,120.560966"
1001013,嘉義縣,中埔鄉,嘉義縣中埔鄉中崙村嘉143、145線多處中斷,0,1,0,Traffic,2009-8-11 16:00,道路中斷、交通受阻。,120.560966,23.373781,"23.373781,120.560966"
1001013,嘉義縣,中埔鄉,嘉義縣中埔鄉中崙村7鄰70號,0,1,0,Traffic,2009-8-11 10:15,斷水斷電道路中斷約20-30人目前聚集於上址已3天未進食急需空投物資,120.560966,23.373781,"23.373781,120.560966"
1001013,嘉義縣,中埔鄉,嘉義縣中埔鄉田寮柚仔宅,0,1,0,Traffic,2009-8-9 12:15,橋樑斷掉無法出入人員無立即危險尚未斷糧,120.461444,23.453968,"23.453968,120.461444"
1001014,嘉義縣,竹崎鄉,嘉義縣竹崎鄉金獅村嘉122線路段坍方嚴重,0,1,0,Traffic,2009-8-11 14:25,上述路段坍方嚴重,120.619459,23.514907,"23.514907,120.619459"
1001014,嘉義縣,竹崎鄉,嘉義縣竹崎鄉光華村4鄰11號,0,1,0,Traffic,2009-8-9 18:24,上述地點老先生需洗腎虛直升機載送出來該地點交通中斷亦需空投物資  黃樹源,120.663022,23.477157,"23.477157,120.663022"
1001015,嘉義縣,梅山鄉,嘉義縣梅山鄉太和村5鄰,0,1,0,Traffic,2009-8-11 10:58,僅空投到太和國小但路斷無法收到金獅渡假山莊有地方可以停直昇機請改停金獅渡假山莊,120.714142,23.542305,"23.542305,120.714142"
1001015,嘉義縣,梅山鄉,嘉義縣梅山鄉碧湖村溪尾寮、祥雲寺,0,1,0,Traffic,2009-8-11 15:50,道路中斷、162甲線道路中斷。,120.63148,23.567847,"23.567847,120.63148"
1001015,嘉義縣,梅山鄉,嘉義縣梅山鄉162甲29.8K及154線太興段,0,1,0,Traffic,2009-8-9 09:33,梅山鄉162甲29.8K及154線太興段道路中斷。,120.60705,23.573957,"23.573957,120.60705"
1001015,嘉義縣,梅山鄉,嘉義縣梅山鄉碧湖村,0,1,0,Traffic,2009-8-11 09:40,梅山鄉碧湖村大峽谷生態農場附近道路受阻現場有公路單位的推土機具但卻沒有人操作民眾相當不滿請通知工程處盡快派員處理,120.63148,23.567847,"23.567847,120.63148"
1001015,嘉義縣,梅山鄉,嘉義縣梅山鄉太和村太和農會,0,1,0,Traffic,2009-8-11 09:10,報案人表示道路中斷無法下山以3日斷糧待救民眾於梅山鄉太和村太和農會約有10名民眾請救援09****5211黃,120.714142,23.542305,"23.542305,120.714142"
1001015,嘉義縣,梅山鄉,嘉義縣梅山鄉,0,1,0,Traffic,2009-8-10 22:05,"下列地址、道路中斷，需要空投物資：
1.太和村：200人，2.太和活動中心：50人，3.仁和國小：100人，4.瑞里活動中心：80人。
另人員需要後送：1.瑞里大飯店：8人待救，2.太和農會辦事處：10人待救，3.瑞里國小：1人死亡、1人手骨折、1人心臟病，需後送。(太和村長電話：09****8125郭村長)",120.558843,23.578481,"23.578481,120.558843"
1001015,嘉義縣,梅山鄉,嘉義縣梅山鄉社興橋及全仔社橋斷橋,0,1,0,Traffic,2009-8-9 10:25,簡課長來電表示梅山鄉社興橋及全仔社橋斷橋。,120.558843,23.578481,"23.578481,120.558843"
1001015,嘉義縣,梅山鄉,嘉義縣梅山鄉瑞里村10號青葉山莊,0,1,0,Traffic,2009-8-9 02:55,山莊對外交通中斷，山莊旁一直有落石請求瑞里派出所協助脫困。,120.671256,23.534712,"23.534712,120.671256"
1001016,嘉義縣,番路鄉,嘉義縣番路鄉內甕村28-5號,0,1,0,Traffic,2009-8-9 11:55,交通中斷，人員受困、斷糧，需物資救援。,120.515286,23.462682,"23.462682,120.515286"
1001016,嘉義縣,番路鄉,嘉義縣番路鄉,0,1,0,Traffic,2009-8-9 01:16,臺3線吳鳳橋八掌溪已溢出情形，是否需封橋。,120.504437,23.479978,"23.479978,120.504437"
1001016,嘉義縣,番路鄉,嘉義縣番路鄉永興村,0,1,0,Traffic,2009-8-9 19:05,番路鄉永興村30戶因交通中斷，需要物資。,120.547701,23.46709,"23.46709,120.547701"
1001016,嘉義縣,番路鄉,嘉義縣番路鄉吳鳳橋,0,1,0,Traffic,2009-8-9 06:02,連絡不到阿里山工務段，吳鳳橋已潰決,120.504437,23.479978,"23.479978,120.504437"
1001017,嘉義縣,大埔鄉,嘉義縣大埔鄉永樂村,0,1,0,Traffic,2009-8-9 09:02,上述地點走山、道路中斷有3-4戶人家受困,120.566691,23.322026,"23.322026,120.566691"
1001017,嘉義縣,大埔鄉,嘉義縣大埔鄉曾文水庫發電廠上方工寮,0,1,0,Traffic,2009-8-9 05:40,報案人指稱人在工寮對外交通中斷，請求電廠人員協助脫困。,120.561399,23.253371,"23.253371,120.561399"
1001017,嘉義縣,大埔鄉,嘉義縣大埔鄉茄苳村坪林.木瓜坑,0,1,0,Traffic,2009-8-10 10:20,"1.路斷.斷電.缺糧食.人員受困
2.大埔分隊侯小隊長回報，茄苳村木瓜坑因對外交通、通信中斷，以步行方式送糧攻暫時使用，仍需大筆空投物資及嬰兒奶粉",120.609797,23.250983,"23.250983,120.609797"
1001017,嘉義縣,大埔鄉,嘉義縣大埔鄉嘉147往坪林段,0,1,0,Traffic,2009-8-11 14:50,大埔鄉嘉147往坪林段道路坍方嚴重造成地方行車不便請縣府協助搶通以利居民通行,120.627892,23.316897,"23.316897,120.627892"
1001018,嘉義縣,阿里山鄉,嘉義縣阿里山鄉豐山村,0,1,0,Traffic,2009-8-10 10:10,豐山村全村交通中斷人員安全,120.765329,23.584777,"23.584777,120.765329"
1001018,嘉義縣,阿里山鄉,嘉義縣阿里山鄉達邦村3號橋疏濬工程30K,0,1,0,Traffic,2009-8-9 13:30,"4個保全1個工人受困交通中斷，經查6位中興保全，1人怪手駕駛
工程名稱：曾文水庫集水區福山防砂壩上游淤積疏濬工程(南區水資源局)",120.784853,23.431863,"23.431863,120.784853"
1001018,嘉義縣,阿里山鄉,嘉義縣阿里山鄉達邦村185之2號,0,1,0,Traffic,2009-8-10 19:00,上述地點有4人受困(1大人、1孕婦、1老人１小孩)急需空投物資，此處位於達邦最頂端，交通中斷，完全無法到達達邦國小或活動中心，急需物資。因電訊完全中斷，由朋友李小姐代為申請直昇機。直昇機起降地點:屋頂有大草坪停車場。,120.784853,23.431863,"23.431863,120.784853"
1001018,嘉義縣,阿里山鄉,嘉義縣阿里山鄉來吉村,0,1,0,Traffic,2009-8-11 10:30,來吉各村落表示反應原委會來電說物資投處來吉國小各村落無法到達殷道路全部中斷及橋也斷無法拿到空投物資,120.759174,23.528764,"23.528764,120.759174"
1001018,嘉義縣,阿里山鄉,嘉義縣阿里山鄉達邦村,0,1,0,Traffic,2009-8-9 16:48,阿里山鄉達邦村全村需物資支援道路中斷，缺乏物資。,120.784853,23.431863,"23.431863,120.784853"
1001018,嘉義縣,阿里山鄉,嘉義縣阿里山鄉來吉村4鄰109-5號,0,1,0,Traffic,2009-8-9 18:40,上述地點7人受困交通中斷受困民09****5040臺北高員02-****4352,120.759174,23.528764,"23.528764,120.759174"
1001018,嘉義縣,阿里山鄉,嘉義縣阿里山鄉山美村莊良成餐廳前,0,1,0,Traffic,2009-8-9 10:30,阿里山鄉山美村交通中斷請求協助撤離安置,120.692518,23.374958,"23.374958,120.692518"
1001326,屏東縣,三地門鄉,屏東縣三地門鄉達來村,0,1,0,Traffic,2009-8-9 11:33,上述地點臺24.25公里處馬路掏空,120.667358,22.728263,"22.728263,120.667358"
1001330,屏東縣,來義鄉,屏東縣來義鄉丹林村古義路10號,0,1,0,Traffic,2009-8-10 13:33,"道路無法通行村莊流失一半,60戶有待撤離",120.650683,22.52716,"22.52716,120.650683"
1001330,屏東縣,來義鄉,屏東縣來義鄉,0,1,0,Traffic,2009-8-9 20:40,來義村、玉林村道路中斷無法進入,120.662056,22.560249,"22.560249,120.662056"
1001333,屏東縣,牡丹鄉,屏東縣牡丹鄉,0,1,0,Traffic,2009-8-10 15:32,屏199線壽卡至牡丹無法通行,120.746869,22.099753,"22.099753,120.746869"
6400500,高雄縣,三民鄉,高雄縣三民鄉,0,1,0,Traffic,2009-8-9 05:42,民權村通往民生、民族村光復橋斷橋，長100公尺、寬15公尺。,120.719217,23.268681,"23.268681,120.719217"
6401700,高雄縣,仁武鄉,186線道,0,1,0,Traffic,2009-8-11 03:11,仁武鄉186線道林仁路往烏材林方向有坑洞,120.564791,22.393103,"22.393103,120.564791"
6403200,高雄縣,六龜鄉,高雄縣六龜鄉,0,1,0,Traffic,2009-8-9 16:51,"六龜鄉新發村有10民果農受困
新發村和平路(臺27線)61k  7k 坍崩
和平路58號 248號 民宅全毀  並無發現有民眾受困
目前有一人失聯",120.637407,22.917535,"22.917535,120.637407"
#N/A,嘉義縣,,嘉義縣嘉135線4K、14K,0,1,0,Traffic,2009-8-9 14:30,嘉135線4K、14K處等道路坍崩受阻。,120.560966,23.373781,"23.373781,120.560966"
#N/A,屏東縣,,屏東縣,0,1,0,Traffic,2009-8-9 01:12,警局保民課警務員洪祥益來電指雙園大橋斷裂，有民眾報案指2部汽車掉入河中,120.48495,22.733592,"22.733592,120.48495"
#N/A,嘉義縣,,嘉義縣嘉149甲線九層嶺橋,0,1,0,Traffic,2009-8-11 17:20,上述橋樑已傾斜，暫時封閉。,120.790244,23.508984,"23.508984,120.790244"
#N/A,嘉義縣,,嘉義縣嘉129線新美大橋,0,1,0,Traffic,2009-8-11 17:20,嘉129線新美大橋斷橋。,120.790244,23.508984,"23.508984,120.790244"
#N/A,嘉義縣,,嘉義縣嘉129線茶山橋,0,1,0,Traffic,2009-8-11 19:20,上述橋樑已斷橋。,120.790244,23.508984,"23.508984,120.790244"
#N/A,嘉義縣,,嘉義縣臺18線28K+836五虎寮橋,0,1,0,Traffic,2009-8-11 17:20,上述橋樑有斷橋之虞，暫時封閉。,120.561399,23.253371,"23.253371,120.561399"
#N/A,嘉義縣,,嘉義縣嘉18線掌潭村,0,1,0,Traffic,2009-8-10 18:40,"嘉18線掌潭段路基淘空派員處理。
報案人：劉先生(09****7349)、村長(09****9209)",120.681667,22.927876,"22.927876,120.681667"
#N/A,高雄縣,,高雄縣,0,1,0,Traffic,2009-8-10 21:37,"依交通部指示擬派員進入災區協助受災戶對外聯絡。惟目前需防災中心協助人員進入災區交通事宜。
",120.719217,23.268681,"23.268681,120.719217"
#N/A,嘉義縣,,嘉義縣,0,1,0,Traffic,2009-8-9 06:49,吳鳳橋二端橋墩下陷,120.561399,23.253371,"23.253371,120.561399"
#N/A,嘉義市,,嘉義市保忠一街靠抽水站路段,0,1,0,Traffic,2009-8-10 00:00,路面有大凹洞,120.445966,23.464931,"23.464931,120.445966"
#N/A,高雄縣,,高雄縣,0,1,0,Traffic,2009-8-9 21:56,"旗山應變中心 通報 河川暴漲 泥沙淤積道路泥沙超過50公分
影響交通",120.719217,23.268681,"23.268681,120.719217"
#N/A,嘉義市,,嘉義市北湖里下埤路段,0,1,0,Traffic,2009-8-9 15:04,路嬁未亮,120.445966,23.464931,"23.464931,120.445966"
#N/A,嘉義市,,嘉義市世賢路四段201-1號,0,1,0,Traffic,2009-8-9 18:05,路燈搖晃,120.448878,23.462988,"23.462988,120.448878"
#N/A,嘉義縣,,嘉義縣,0,1,0,Traffic,2009-8-9 12:28,阿里山公路46.5K處公興村對外道路中斷，缺物資,120.561399,23.253371,"23.253371,120.561399"
#N/A,屏東縣,,共計7項道路、橋樑等設施,0,1,0,Traffic,2009-8-9 18:15,共計有七項道路、橋樑及堤防災情，詳如後附通報單,120.560966,23.373781,"23.373781,120.560966"
#N/A,屏東縣,,萬大橋雙向封橋,0,1,0,Traffic,2009-8-9 07:20,經警察局保安民防課通知萬大橋雙向封橋,120.429848,23.463827,"23.463827,120.429848"
#N/A,屏東縣,,里嶺大橋,0,1,0,Traffic,2009-8-9 09:00,自8月9日08：00里嶺封橋,120.564791,22.393103,"22.393103,120.564791"
#N/A,嘉義市,,嘉義市興業西路博愛路口,0,1,0,Traffic,2009-8-9 16:52,路燈燈罩快掉落,120.433896,23.468709,"23.468709,120.433896"
#N/A,嘉義市,,嘉義市大同路育人路口,0,1,0,Traffic,2009-8-9 16:10,交通號誌欲墜,120.423271,23.476237,"23.476237,120.423271"
#N/A,屏東縣,,屏113線,0,1,0,Traffic,2009-8-9 07:40,屏113線路基掏空約50公尺，發生地點於屏113線5.5公里處(丹林往文樂方向),120.145799,23.379556,"23.379556,120.145799"
#N/A,嘉義市,,嘉義市共和路78號,0,1,0,Traffic,2009-8-9 13:39,路面坑洞,120.456038,23.475978,"23.475978,120.456038"
#N/A,嘉義市,,嘉義市林森東路濟美仁愛之家,0,1,0,Traffic,2009-8-9 12:25,路面崩塌,120.478624,23.492587,"23.492587,120.478624"
#N/A,嘉義縣,,嘉義縣臺三線吳鳳橋,0,1,0,Traffic,2009-8-9 05:06,嘉義縣臺三線吳鳳橋斷,120.561399,23.253371,"23.253371,120.561399"
#N/A,嘉義縣,,嘉義縣臺18線與臺37線處,0,1,0,Traffic,2009-8-9 01:25,臺18線與臺37線處交通號誌燈被風吹轉向，可能會有危險，請派員處理。,120.398205,23.413721,"23.413721,120.398205"
#N/A,高雄縣,,高雄縣,0,1,0,Traffic,2009-8-9 02:30,0809旗山鎮新旗尾橋0225橋面斷裂無法通行,120.719217,23.268681,"23.268681,120.719217"
#N/A,屏東縣,,屏東縣,0,1,0,Traffic,2009-8-9 01:28,大津橋斷橋,120.48495,22.733592,"22.733592,120.48495"
1001013,嘉義縣,中埔鄉,嘉義縣中埔鄉中崙3號橋至中崙國小沿段,0,1,0,Traffic,2009-8-9 06:03,"有一名民眾受困須待救，因道路中斷公所法處理，請求支援。
另中崙溪氾濫上述地點，沿段路基掏空。",120.474071,23.455693,"23.455693,120.474071"
1001014,嘉義縣,竹崎鄉,嘉義縣竹崎鄉光華村2鄰頂笨仔(159線),0,1,0,Traffic,2009-8-10 16:15,"一、缺糧。
二、待救一人。
三、159甲線道路中斷。",120.663022,23.477157,"23.477157,120.663022"
1001014,嘉義縣,竹崎鄉,嘉義縣竹崎鄉樟樹坪12鄰90號,0,1,0,Traffic,2009-8-9 16:40,竹崎法佛寺樟樹坪12鄰90號內法師2人及法眾受困山中05-****460靜慧法師道路中斷,120.55089,23.522466,"23.522466,120.55089"
1001015,嘉義縣,梅山鄉,嘉義縣梅山鄉太和村公田5號民眾受困,0,1,0,Traffic,2009-8-11 11:00,"報案者表示，民眾受困4名，1名為高血壓患者，一名開刀骨刺，一名小兒麻痺，待救，目前道路中斷、橋樑斷無物資
10頁，15之Q，E：120度42`40``，N：23度32`30``",120.714142,23.542305,"23.542305,120.714142"
1001015,嘉義縣,梅山鄉,嘉義縣梅山鄉,0,1,0,Traffic,2009-8-10 22:05,"下列地址、道路中斷，需要空投物資：
1.太和村：200人，2.太和活動中心：50人，3.仁和國小：100人，4.瑞里活動中心：80人。
另人員需要後送：1.瑞里大飯店：8人待救，2.太和農會辦事處：10人待救，3.瑞里國小：1人死亡、1人手骨折、1人心臟病，需後送。(太和村長電話：09****8125郭村長)",120.558843,23.578481,"23.578481,120.558843"
1001015,嘉義縣,梅山鄉,嘉義縣梅山鄉太和村社後坪501號(聯絡電話:05-2661569),0,1,0,Traffic,2009-8-11 18:00,家中有7個人(3各大人，4各小孩)，目前對外聯絡道路均中斷，空投物資無法送達，急需物資支援。災害地點聯絡電話05-****569，聯絡電話目前不通，龍小姐稱與該7人失聯。,120.714142,23.542305,"23.542305,120.714142"
1001015,嘉義縣,梅山鄉,嘉義縣梅山鄉太和村全仔社10號,0,1,0,Traffic,2009-8-11 10:30,上述地點(全仔橋旁)橋斷無法通行，7-8戶20-30人受困，待救。,120.714142,23.542305,"23.542305,120.714142"
1001017,嘉義縣,大埔鄉,嘉義縣大埔鄉茄苳村9鄰坪林36號,0,1,0,Traffic,2009-8-9 00:18,於上述地點有民眾受困家中，因道路中斷，大埔分隊無法到達，請求支援協助。,120.609797,23.250983,"23.250983,120.609797"
1001018,嘉義縣,阿里山鄉,嘉義縣阿里山鄉新美村5鄰88號,0,1,0,Traffic,2009-8-11 16:56,上述災害地點對外道路完全中斷，目前全村約300人受困(達娜伊谷再進入)，目前有2名老人身體不適急需送醫及空投物資。起降地點:新美村5鄰88號旁空地，目前已用黃色帆布標記。(物資需嬰兒奶粉、尿布及蠟燭、飲用食物)。聯絡人:洋國華09****4734,120.711382,23.338862,"23.338862,120.711382"
1001018,嘉義縣,阿里山鄉,嘉義縣阿里山鄉來吉村來吉部落,0,1,0,Traffic,2009-8-10 20:15,上述地點約300多人受困.無食用物質.請空投物資(道路中斷)陳先生09****4799,120.759174,23.528764,"23.528764,120.759174"
1001018,嘉義縣,阿里山鄉,嘉義縣阿里山鄉山美村2鄰28號,0,1,0,Traffic,2009-8-9 12:40,"山美村道路皆中斷，糧食可維持1~2日，希望直升機救援或道路搶通。
上述地點為鄰長家(09****2481)，現場約3040人狀況危急，請派直昇機救援。",120.692518,23.374958,"23.374958,120.692518"
1001331,屏東縣,春日鄉,屏東縣春日鄉七佳村,0,1,0,Traffic,2009-8-11 16:05,春日鄉七佳部落因道路不通，有2人受困江天和、謝月華請求救援。,120.626811,22.427929,"22.427929,120.626811"
6401300,高雄縣,林園鄉,高雄縣林園鄉,0,1,0,Traffic,2009-8-9 01:08,雙園大橋斷橋（屏東往高雄方向接近林園鄉100公尺處）疑似2臺自小客車掉落,120.399396,22.486232,"22.486232,120.399396"
1000804,南投縣,竹山鎮,投149線6.2k、9k、10.5k、17.1k及瑞德巖旁附近,0,0,1,Landslide,2009-8-9 10:42,山坡塌方，土石掉落,120.711382,23.338862,"23.338862,120.711382"
1000812,南投縣,信義鄉,神木村隆華國小上方,0,0,1,Landslide,2009-8-9 03:45,因土石流，10餘名居民受困,0,0,"0,0"
1001012,嘉義縣,水上鄉,嘉義縣水上鄉通河橋土堤坍塌,0,0,1,Landslide,2009-8-9 13:50,上述地點土堤坍塌約100米聯絡人黃平雄****666,120.408609,23.429854,"23.429854,120.408609"
1001013,嘉義縣,中埔鄉,嘉義縣中埔鄉東興村9號,0,0,1,Landslide,2009-8-9 10:15,上述地點發生土石流可能有民眾遭活埋請派員搶救,120.550459,23.357727,"23.357727,120.550459"
1001013,嘉義縣,中埔鄉,嘉義縣中埔鄉石弄村往天望崎替代道路中斷(村里道路),0,0,1,Landslide,2009-8-9 06:40,土石崩塌。,120.474071,23.455693,"23.455693,120.474071"
1001013,嘉義縣,中埔鄉,嘉義縣中埔鄉東興村凍仔腳9號,0,0,1,Landslide,2009-8-10 15:50,於上述地址執行土石流救援勤務，現場急需屍袋因應救災工作。,120.550459,23.357727,"23.357727,120.550459"
1001013,嘉義縣,中埔鄉,嘉義縣中埔鄉中崙村28號臺3線,0,0,1,Landslide,2009-8-9 16:00,"中埔鄉中崙村28號臺3線尚有一排住戶被土石流沖走。
",120.560966,23.373781,"23.373781,120.560966"
1001013,嘉義縣,中埔鄉,嘉義縣中埔鄉東興村2鄰,0,0,1,Landslide,2009-8-9 16:30,土石流掩埋搶救需兵力30人及挖掘機具,120.550459,23.357727,"23.357727,120.550459"
1001013,嘉義縣,中埔鄉,嘉義縣中埔鄉石弄村135線萬善廟旁,0,0,1,Landslide,2009-8-9 06:35,"土石滑落交通中斷
嘉135線4K  14K+500崩落坍方",120.474071,23.455693,"23.455693,120.474071"
1001014,嘉義縣,竹崎鄉,嘉義縣竹崎鄉金獅村13號附近,0,0,1,Landslide,2009-8-9 04:47,該處發生土石流，13號住戶已疏散安全。,120.619459,23.514907,"23.514907,120.619459"
1001014,嘉義縣,竹崎鄉,嘉義縣竹崎鄉文峰村6號有土石流擋住橋上、民雄鄉南興村新故鄉社區停電及民雄金世界多人受困,0,0,1,Landslide,2009-8-9 09:29,"一、竹崎鄉文峰村6號(電話:****779)有土石流擋住橋上。
二、民雄鄉南興村新故鄉社區停電(吳先生09****3377)
三、民雄金世界缺食物(多人受困)陳先生09****0597。",120.617308,23.500508,"23.500508,120.617308"
1001014,嘉義縣,竹崎鄉,嘉義縣竹崎鄉緞繻村科尾2-1號,0,0,1,Landslide,2009-8-9 08:10,土石流，二老人受困待救。,120.602482,23.536017,"23.536017,120.602482"
1001014,嘉義縣,竹崎鄉,嘉義縣竹崎鄉箔車站69號房屋土石流,0,0,1,Landslide,2009-8-9 09:35,嘉義縣竹崎鄉箔車站69號房屋土石流，請求疏散居民3人，電話09****8666蕭小姐。,120.579641,23.530843,"23.530843,120.579641"
1001014,嘉義縣,竹崎鄉,嘉義縣竹崎鄉文峰村5鄰8號,0,0,1,Landslide,2009-8-9 08:47,竹崎鄉文峰村5鄰8號2戶7人因土石流撤離至文峰村活動中心。,120.617308,23.500508,"23.500508,120.617308"
1001015,嘉義縣,梅山鄉,嘉義縣梅山鄉太和村樟樹湖27號,0,0,1,Landslide,2009-8-10 13:28,"土石流淹沒民宅人員受困缺糧食需空投物資
(經電洽蕭小姐表示地點為油車寮1-16號，而非上述地點。)",120.714142,23.542305,"23.542305,120.714142"
1001015,嘉義縣,梅山鄉,嘉義縣梅山鄉瑞里村,0,0,1,Landslide,2009-8-11 20:30,梅山鄉瑞里村土石流嚴重.對外交通中斷.,120.671256,23.534712,"23.534712,120.671256"
1001015,嘉義縣,梅山鄉,嘉義縣梅山鄉,0,0,1,Landslide,2009-8-9 00:58,瑞里瑞太古道登山口土石流，有人受困09****1517。,120.558843,23.578481,"23.578481,120.558843"
1001015,嘉義縣,梅山鄉,嘉義縣梅山鄉瑞里村青葉山莊原樓(瑞里農會分部旁),0,0,1,Landslide,2009-8-9 05:45,0545現場土石流淹埋至3樓，人員共8人在4樓待求，隨時有被埋沒之危險，現場其丈夫09****3181,120.671256,23.534712,"23.534712,120.671256"
1001015,嘉義縣,梅山鄉,嘉義縣梅山鄉太和村3鄰33、36號,0,0,1,Landslide,2009-8-9 06:25,梅山鄉公所吳先生打電話進來說上述太和3鄰33、36號2戶人家9人受困，無法聯絡上，稍早之前該處傳出有土石流。,120.714142,23.542305,"23.542305,120.714142"
1001015,嘉義縣,梅山鄉,嘉義縣梅山鄉太和村3鄰太和國小旁,0,0,1,Landslide,2009-8-9 10:55,"一、梅山鄉太和村3鄰太和國小旁有9人避難於屋頂，狀況危急。簡先生09****0218
二、梅山鄉太和村1鄰13號附近土石崩塌，有危險之顧慮，請求支援疏散及物資。",120.714142,23.542305,"23.542305,120.714142"
1001015,嘉義縣,梅山鄉,嘉義縣梅山鄉太和村仁和國小,0,0,1,Landslide,2009-8-9 10:11,梅山鄉太和村仁和國小有30人土石流受困，暫安置國小內(聯絡電話:09****9935;09****8126;05-****079)，目前無立即危險。,120.714142,23.542305,"23.542305,120.714142"
1001015,嘉義縣,梅山鄉,嘉義縣梅山鄉太和村,0,0,1,Landslide,2009-8-9 08:50,"嘉169線有土石流侵入已淹水4-5戶.2人失蹤[梅山鄉太和村社前湖11鄰]部分民眾已撤離站安置仁和國小
",120.714142,23.542305,"23.542305,120.714142"
1001015,嘉義縣,梅山鄉,嘉義縣梅山鄉太和村,0,0,1,Landslide,2009-8-9 15:12,住家土石塌陷危及人民，請求空中直昇機。,120.714142,23.542305,"23.542305,120.714142"
1001015,嘉義縣,梅山鄉,嘉義縣梅山鄉太和村公田8鄰10號,0,0,1,Landslide,2009-8-9 14:35,上述地點因土石流一名6歲男童葉祐成遭土石沖走。,120.714142,23.542305,"23.542305,120.714142"
1001015,嘉義縣,梅山鄉,嘉義縣梅山鄉,0,0,1,Landslide,2009-8-9 22:13,搶救被土 石淹埋災民(太和村),120.558843,23.578481,"23.578481,120.558843"
1001015,嘉義縣,梅山鄉,嘉義縣梅山鄉太和村公里9、10號,0,0,1,Landslide,2009-8-9 11:10,上述地點發生土石流，有民眾4人遭活埋，請派員搶救。,120.714142,23.542305,"23.542305,120.714142"
1001015,嘉義縣,梅山鄉,嘉義縣梅山鄉瑞峰村4鄰66號,0,0,1,Landslide,2009-8-9 10:30,上述地點發生土石流，有2人民眾遭活埋，請派員搶救。,120.673081,23.562236,"23.562236,120.673081"
1001015,嘉義縣,梅山鄉,嘉義縣梅山鄉太和村公田7號,0,0,1,Landslide,2009-8-9 06:05,梅山鄉太和村公田7號民宅遭土石流沖毀，請求協助撤離,120.714142,23.542305,"23.542305,120.714142"
1001015,嘉義縣,梅山鄉,嘉義縣梅山鄉太和村公田1號,0,0,1,Landslide,2009-8-9 10:10,上述地點發生土石流有民眾可能遭掩埋請派員搶救。,120.714142,23.542305,"23.542305,120.714142"
1001015,嘉義縣,梅山鄉,嘉義縣梅山鄉太和村8-6號,0,0,1,Landslide,2009-8-9 06:27,上述地點有土石沖入民宅，民眾受困家中，因道16中斷無法救援，請求協助。,120.714142,23.542305,"23.542305,120.714142"
1001016,嘉義縣,番路鄉,嘉義縣番路鄉龍美59號,0,0,1,Landslide,2009-8-9 09:30,臺18線50K土石流淹埋，請求支援受困民眾。,120.650148,23.406707,"23.406707,120.650148"
1001016,嘉義縣,番路鄉,嘉義縣番路鄉大湖村10鄰18號,0,0,1,Landslide,2009-8-9 11:20,上述災害地點遭土石流受困約5人，需撤離。林中勳09****0790,120.622472,23.471216,"23.471216,120.622472"
1001016,嘉義縣,番路鄉,嘉義縣番路鄉觸口村牛埔仔,0,0,1,Landslide,2009-8-9 06:52,嘉義縣番路鄉觸口村牛埔仔有土石流,120.603823,23.437175,"23.437175,120.603823"
1001017,嘉義縣,大埔鄉,嘉義縣大埔鄉永樂村1鄰5-2號,0,0,1,Landslide,2009-8-9 02:37,永樂村1鄰1號、5號，已被土石流推埋，住戶均有逃出，暫住於1鄰5-2號共有12人，目前均安全無虞，但明日可能物資缺少，再行向應變中心求助(無水電供應及食物補給)備用電話09****0990，09****0557。,120.566691,23.322026,"23.322026,120.566691"
1001018,嘉義縣,阿里山鄉,嘉義縣阿里山鄉來吉村,0,0,1,Landslide,2009-8-11 10:54,阿里山來吉村4鄰梁元祥先生(09****7689)反應：看到直昇機空投物來吉國小，但土石流威脅仍大，請派直昇機救援。現場有放紅布條標示降落點09****5880,120.759174,23.528764,"23.528764,120.759174"
1001018,嘉義縣,阿里山鄉,嘉義縣阿里山鄉來吉村,0,0,1,Landslide,2009-8-11 19:54,阿里山鄉來吉村15戶居民遭土石流淹沒.上有存活人口等待救援.,120.759174,23.528764,"23.528764,120.759174"
1001018,嘉義縣,阿里山鄉,嘉義縣阿里山鄉來吉村,0,0,1,Landslide,2009-8-10 20:40,上述地點有土石流發生.約200多人受困.需要救援(匡小姐09****0940),120.759174,23.528764,"23.528764,120.759174"
1001018,嘉義縣,阿里山鄉,嘉義縣阿里山鄉新美村,0,0,1,Landslide,2009-8-11 12:00,"有民眾受困住家，兩邊有土石流發生，請求直昇機。
座標:N 23`  19`  56`
          E 120`  41` 50`",120.711382,23.338862,"23.338862,120.711382"
1001018,嘉義縣,阿里山鄉,嘉義縣阿里山鄉來吉村1-4鄰,0,0,1,Landslide,2009-8-10 22:00,我的親戚朋友住處(來吉村1-4鄰)現雨勢很大，土石掉落，恐引發土石流，情況危急，可否派直昇機深入救援，詳情可聯絡鄭秀琴09****8033、鄭靜美09****6324,120.759174,23.528764,"23.528764,120.759174"
1001018,嘉義縣,阿里山鄉,嘉義縣阿里山鄉來吉村第1鄰,0,0,1,Landslide,2009-8-10 22:17,村長說如要空投物資請空投至第1鄰處.因其他地方(包含來吉國小)都有土石流.,120.759174,23.528764,"23.528764,120.759174"
1001018,嘉義縣,阿里山鄉,嘉義縣阿里山鄉山美村2鄰28號,0,0,1,Landslide,2009-8-9 07:36,阿里山鄉山美村2鄰28號有30-40人待救，後有土石流滑動之情形，請派員救援。,120.692518,23.374958,"23.374958,120.692518"
1001301,屏東縣,屏東市,屏東縣屏東市六塊厝附近,0,0,1,Landslide,2009-8-10 13:08,屏東縣屏東市六塊厝附近淤沙，阻礙道路，請派員處理,120.470807,22.654221,"22.654221,120.470807"
1001311,屏東縣,高樹鄉,屏東縣高樹鄉,0,0,1,Landslide,2009-8-10 12:00,"沿山公路多線土石淹路約15至20人車無法出入,要求派車及機具送物資及疏散居民",120.558208,22.800317,"22.800317,120.558208"
1001317,屏東縣,新園鄉,屏東縣新園鄉田洋村,0,0,1,Landslide,2009-8-10 01:59,新園鄉田洋村堤防掏空請求協助,120.45632,22.542886,"22.542886,120.45632"
1001326,屏東縣,三地門鄉,屏東縣三地門鄉大社村,0,0,1,Landslide,2009-8-11 10:40,山崩掩埋沙卡蘭溪上游，於大社段造成淹塞湖，恐潰塞造成下游洪流,120.697249,22.808264,"22.808264,120.697249"
1001326,屏東縣,三地門鄉,青葉村入口往上100公尺,0,0,1,Landslide,2009-8-10 20:37,青葉村入口往上100公尺有土石流坍方，造成無法通行,0,0,"0,0"
1001327,屏東縣,霧臺鄉,屏東縣霧臺鄉霧臺村伊拉往佳暮方向約50公尺,0,0,1,Landslide,2009-8-10 06:30,屏東縣霧臺鄉霧臺村伊拉往佳暮方向約50公尺，豪雨造成土石流，造成民眾藍順益等5人遭掩埋。(伊拉一號橋往佳暮方向100公尺附近人車疑似遭土石流沖走請求協助，車牌78**-GS，失蹤人員藍順益、柯桂琴、汪輝益、另2人不詳，住址:霧臺鄉(村)神山巷1鄰1之2號),120.732165,22.744184,"22.744184,120.732165"
1001327,屏東縣,霧臺鄉,屏東縣霧臺鄉霧臺村,0,0,1,Landslide,2009-8-10 21:50,"伊拉(神山部落)土石流溪水暴漲5人被活埋請求協助(杜神父09****5765)
已多日缺食物,物資,請求援助",120.732165,22.744184,"22.744184,120.732165"
1001330,屏東縣,來義鄉,屏東縣來義鄉來義村東部落,0,0,1,Landslide,2009-8-9 08:27,上述地點有民眾受困土石流，請求協助。,120.674014,22.527221,"22.527221,120.674014"
6400500,高雄縣,三民鄉,高雄縣三民鄉,0,0,1,Landslide,2009-8-10 23:00,瑪雅村土石流，居民急需安置。,120.719217,23.268681,"23.268681,120.719217"
6400500,高雄縣,三民鄉,安山巷部落和南沙魯村國小,0,0,1,Landslide,2009-8-10 04:09,"南沙魯村:全被土石流埋住,居民都往高處跑
民族村,民權村,民生一和二村:有土石流,三天斷糧",0,0,"0,0"
6403200,高雄縣,六龜鄉,高雄縣六龜鄉和興部落,0,0,1,Landslide,2009-8-9 23:55,"上述地點土石流淹沒.
",120.637407,22.917535,"22.917535,120.637407"
6403200,高雄縣,六龜鄉,高雄縣六龜鄉合興部落,0,0,1,Landslide,2009-8-9 07:57,20幾戶土石流受困人員不詳,120.637407,22.917535,"22.917535,120.637407"
6403200,高雄縣,六龜鄉,高雄縣六龜鄉新發村新開路90號,0,0,1,Landslide,2009-8-11 15:45,該地點有20多人沒有食物、怕有發生土石流情形，希望直昇機救援及空投物資,120.651131,22.905775,"22.905775,120.651131"
6403200,高雄縣,六龜鄉,高雄縣六龜鄉寶來村,0,0,1,Landslide,2009-8-11 13:25,寶來溫泉山莊負責人李豐林失聯，受困山莊計?5人 ，據消息表示有土石流及山崩現象，請派員協助搜救。,120.637407,22.917535,"22.917535,120.637407"
6403200,高雄縣,六龜鄉,高雄縣六龜鄉多處,0,0,1,Landslide,2009-8-10 20:53,"1.六龜鄉興隆村4戶土石流沖毀1人獲救
2.六龜鄉新發村6人罹難。
3.和平路35號失聯（平安）
",120.637407,22.917535,"22.917535,120.637407"
6403200,高雄縣,六龜鄉,高雄縣六龜鄉興龍村舊潭48號,0,0,1,Landslide,2009-8-10 19:04,土石流，人員受困,120.651131,22.905775,"22.905775,120.651131"
6403200,高雄縣,六龜鄉,高雄縣六龜鄉新發村獅山（師額頭）68-1號及附近,0,0,1,Landslide,2009-8-10 17:01,陳小姐報案稱上述地址村莊失聯，家屬兩天前電話聯絡說發生土石流，請求支援。,120.651131,22.905775,"22.905775,120.651131"
6403200,高雄縣,六龜鄉,高雄縣六龜鄉寶來村寶來巷10-3號,0,0,1,Landslide,2009-8-9 22:20,"1.署-吳科員轉報該處有土石流,約4-5人受困.
",120.651131,22.905775,"22.905775,120.651131"
6403200,高雄縣,六龜鄉,高雄縣六龜鄉多處,0,0,1,Landslide,2009-8-9 00:20,"1.六龜鄉興龍村舊潭48號疑似土石流人員受困（5人）
2.六龜興隆村20鄰尾庄68-20號人員受困（2大2小）
3.六龜鄉大津大智瀑布人員受困（3人受困）09****1093",120.637407,22.917535,"22.917535,120.637407"
6403300,高雄縣,甲仙鄉,高雄縣甲仙鄉小林村,0,0,1,Landslide,2009-8-9 08:01,"小林村因土石流43人受困
東安村受困人員不詳",120.561317,23.058044,"23.058044,120.561317"
6403300,高雄縣,甲仙鄉,高雄縣甲仙鄉東臺村,0,0,1,Landslide,2009-8-11 11:42,祖母遭活埋,120.561317,23.058044,"23.058044,120.561317"
6403300,高雄縣,甲仙鄉,高雄縣甲仙鄉小林村,0,0,1,Landslide,2009-8-9 21:38,"1.報案人-李先生****522報案因土石流,約50戶待疏散",120.561317,23.058044,"23.058044,120.561317"
6403700,高雄縣,桃源鄉,梅山,0,0,1,Landslide,2009-8-11 20:56,梅山村 附近堰塞湖 潰堤...導致荖濃溪暴漲,120.525653,23.600464,"23.600464,120.525653"
#N/A,高雄縣,,高雄縣,0,0,1,Landslide,2009-8-11 12:08,旗山鎮公所 大德里居民積土3公尺 需機具支援。,120.719217,23.268681,"23.268681,120.719217"
#N/A,高雄縣,,高雄縣,0,0,1,Landslide,2009-8-9 23:06,土石流 1大人8小孩,120.719217,23.268681,"23.268681,120.719217"
#N/A,高雄縣,,高雄縣,0,0,1,Landslide,2009-8-9 22:14,土石流民眾受困,120.719217,23.268681,"23.268681,120.719217"
#N/A,屏東縣,,屏東縣,0,0,1,Landslide,2009-8-9 07:26,"一、谷川部落土石落嚴重，需直升機支援災民後送
二、希望優先處理",120.494119,22.761532,"22.761532,120.494119"
1001014,嘉義縣,竹崎鄉,嘉義縣竹崎鄉仁壽村嘉122線21K,0,0,1,Landslide,2009-8-10 16:55,"一、民眾徒步下山受困土石有立即危險1男1女聯絡電話09****2265張麗敏。
二、0811-1614仁壽村受困七名，3名由直升機送出，另四名由張隊長前往確認09****0611",120.626562,23.528633,"23.528633,120.626562"
1001014,嘉義縣,竹崎鄉,嘉義縣竹崎鄉仁壽村水社寮1-1號,0,0,1,Landslide,2009-8-9 02:14,上述地點民眾受困家中，後方山坡倒塌。,120.626562,23.528633,"23.528633,120.626562"
1001018,嘉義縣,阿里山鄉,嘉義縣阿里山鄉來吉村4鄰109-5號陳麗珍0910090930,0,0,1,Landslide,2009-8-10 17:25,土石坍塌直升機無法降落希望救出或提供物資{受困7人},120.759174,23.528764,"23.528764,120.759174"
1000804,南投縣,竹山鎮,臺3線南雲大橋,1,1,0,Flood&Traffic,2009-8-9 09:40,溪水暴漲已達封橋水位,120.464118,23.468658,"23.468658,120.464118"
1000805,南投縣,集集鎮,臺3丙線6k集集大橋,1,1,0,Flood&Traffic,2009-8-9 08:40,溪水暴漲已達封橋水位,120.464118,23.468658,"23.468658,120.464118"
1001002,嘉義縣,朴子市,嘉義縣朴子市大同路與南通路口,1,1,0,Flood&Traffic,2009-8-9 15:46,上述地點淹水，請派員警封鎖道路，避免人車進入。,120.238576,23.461521,"23.461521,120.238576"
1001002,嘉義縣,朴子市,嘉義縣朴子市三通路,1,1,0,Flood&Traffic,2009-8-9 22:16,朴子市三通路道路淹水，希望警方封閉車道,120.244654,23.468077,"23.468077,120.244654"
1001005,嘉義縣,民雄鄉,嘉義縣民雄鄉,1,1,0,Flood&Traffic,2009-8-9 11:00,嘉義市文化路往民雄鄉產業道路華興橋因附近積水嚴重嘉義市警局通知本縣警察局同時封橋,120.432701,23.562262,"23.562262,120.432701"
1001007,嘉義縣,新港鄉,嘉義縣新港鄉家49縣六興宮前﹝溪北村﹞橋,1,1,0,Flood&Traffic,2009-8-9 01:04,水位暴漲奉鄉長之命封閉該橋請派員前往協助管制,120.346307,23.557366,"23.557366,120.346307"
1001008,嘉義縣,六腳鄉,嘉義縣六腳鄉臺19線,1,1,0,Flood&Traffic,2009-8-9 11:00,六腳鄉臺19線淹水車子逆向行駛有危險,120.291657,23.500496,"23.500496,120.291657"
1001009,嘉義縣,東石鄉,嘉義縣東石鄉,1,1,0,Flood&Traffic,2009-8-9 10:40,嘉157線42.5K處道路積水封閉,120.142668,23.452558,"23.452558,120.142668"
1001013,嘉義縣,中埔鄉,嘉義縣中埔鄉和興村37鄰105號,1,1,0,Flood&Traffic,2009-8-9 12:20,淹水道路中斷缺乏物資,120.443935,23.437952,"23.437952,120.443935"
6403200,高雄縣,六龜鄉,高雄縣六龜鄉,1,1,0,Flood&Traffic,2009-8-9 17:13,"該消防員前往桃園鄉寶山村84號執行傷患救護勤務,經臺20線77.5公里處,因道路積水下車查看,水試湍急不慎遭洪水沖走,蕭員於水沖300公尺後奮力游上岸,造成右手臂肩膀封閉性骨折,借宿於民宅待救(本局消防隊員)",120.637407,22.917535,"22.917535,120.637407"
6601000,臺中縣,東勢鎮,臺中縣東勢鎮埤頭里后東路埤豐橋,1,1,0,Flood&Traffic,2009-8-9 16:00,大甲溪水勢湍急，恐影響橋臺、橋墩需封橋,120.756628,24.284334,"24.284334,120.756628"
#N/A,屏東縣,,里港大橋.里嶺大橋,1,1,0,Flood&Traffic,2009-8-11 22:43,"98年8月11日22時43分潮州工務段副段長張晏成通報:山洪爆發,洪水恐有危害民眾生命之虞,里港大橋.里嶺大橋需封橋,請貴分局於98年8月11日23時派員前往配合封橋.",120.498836,23.622993,"23.622993,120.498836"
1000805,南投縣,集集鎮,臺16線11k處,1,1,0,Flood&Traffic,2009-8-9 05:40,路基淘空，原四線道變成二線道，一部中型貨車2人(賴光明56歲、賴連惠28歲)掉落濁水溪遭洪水沖走,120.429848,23.463827,"23.463827,120.429848"
1001013,嘉義縣,中埔鄉,嘉義縣中埔鄉臺3線300公里附近,1,1,0,Flood&Traffic,2009-8-11 19:39,中埔鄉中崙1號橋沖毀。,120.461444,23.453968,"23.453968,120.461444"
1001013,嘉義縣,中埔鄉,嘉義縣中埔鄉3鄰16號3號橋,1,1,0,Flood&Traffic,2009-8-9 12:30,3號橋斷裂涵箱之中沖毀民宅入泥土通行，危及安全。,120.459334,23.45079,"23.45079,120.459334"
1001013,嘉義縣,中埔鄉,嘉義縣中埔鄉裕民村裕民橋石頭厝,1,1,0,Flood&Traffic,2009-8-9 13:50,大水竹仔卡到橋墩怕橋樑被水沖垮,120.505617,23.430195,"23.430195,120.505617"
1001014,嘉義縣,竹崎鄉,嘉義縣竹崎鄉村里道路,1,1,0,Flood&Traffic,2009-8-11 19:35,竹崎鄉善感橋沖毀。,120.579641,23.530843,"23.530843,120.579641"
1001014,嘉義縣,竹崎鄉,嘉義縣竹崎鄉,1,1,0,Flood&Traffic,2009-8-9 13:25,"1.義隆村7鄰3號路崩對外交通中斷共3戶受災連絡人諸先生****3310
2.內普17鄰溪州54-26.27.36.37.38.39後方崩塌壓毀民房無人受傷前方堤防部分沖毀連絡人林天英****663",120.551997,23.525027,"23.525027,120.551997"
1001015,嘉義縣,梅山鄉,嘉義縣梅山鄉嘉122線,1,1,0,Flood&Traffic,2009-8-11 19:18,梅山鄉瑞里3號橋沖毀。,120.558843,23.578481,"23.578481,120.558843"
1001018,嘉義縣,阿里山鄉,嘉義縣阿里山鄉嘉155線科子林橋,1,1,0,Flood&Traffic,2009-8-11 19:20,上述橋樑沖毀。,120.790244,23.508984,"23.508984,120.790244"
1001018,嘉義縣,阿里山鄉,嘉義縣阿里山鄉嘉129線山美大橋,1,1,0,Flood&Traffic,2009-8-11 19:43,上述橋樑已沖毀。,120.790244,23.508984,"23.508984,120.790244"
1001018,嘉義縣,阿里山鄉,嘉義縣阿里山鄉嘉129線特富野大橋,1,1,0,Flood&Traffic,2009-8-11 19:43,上述橋樑已沖毀。,120.790244,23.508984,"23.508984,120.790244"
6403000,高雄縣,旗山鎮,高雄縣旗山鎮,1,1,0,Flood&Traffic,2009-8-10 23:16,旗尾溪石頭護岸沖垮,120.476774,22.856525,"22.856525,120.476774"
#N/A,嘉義縣,,嘉義縣嘉149甲線來吉大橋,1,1,0,Flood&Traffic,2009-8-11 19:20,上述橋樑沖毀。,120.790244,23.508984,"23.508984,120.790244"
1001013,嘉義縣,中埔鄉,嘉義縣義竹鄉後鎮8號,1,1,0,Flood&Traffic,2009-8-9 10:10,上述地點道路不通，水快速淹入民宅，10人受困待援。,120.209947,23.36386,"23.36386,120.209947"
#N/A,高雄縣,,高雄縣,1,1,0,Flood&Traffic,2009-8-9 19:55,"該名因駕駛車輛行駛於湖內鄉湖中路與中華路口 因遇到積水造成汽車拋錨,下車後因積水內有電  而遭觸電死亡",120.719217,23.268681,"23.268681,120.719217"
1001014,嘉義縣,竹崎鄉,嘉義縣竹崎鄉舊車站69號,1,0,1,Flood&Landslide,2009-8-10 10:30,"1.淹水堤防潰堤   竹崎鄉舊車站69號國軍20人
2.淹水竹崎鄉和平村國軍20人
3.淹水竹崎內埔村國軍5人
4.土石流竹崎鄉坑頭村國軍15人
5.土石流竹崎鄉塘興村國軍4人",120.554352,23.526842,"23.526842,120.554352"
1001014,嘉義縣,竹崎鄉,嘉義縣竹崎鄉,1,0,1,Flood&Landslide,2009-8-10 14:08,堤防潰堤淹水，土石流，如附件。,120.551997,23.525027,"23.525027,120.551997"
1001014,嘉義縣,竹崎鄉,嘉義縣竹崎鄉和平村羌仔科12鄰29號,1,0,1,Flood&Landslide,2009-8-9 16:44,竹崎鄉和平村羌仔科12鄰29號房子淹水土石崩塌。,120.551959,23.511802,"23.511802,120.551959"
1001013,嘉義縣,中埔鄉,嘉義縣中埔鄉中崙村4鄰中崙溪3號下游,1,0,1,Flood&Landslide,2009-8-9 05:50,下游土石流滑落中崙國小附近沿岸流失1困搶救中1戶遭流失多戶遭部份流失村民賴樹木遭河水沖走,120.560966,23.373781,"23.373781,120.560966"
1000803,南投縣,草屯鎮,坪頂股坑巷往牛角坑方向,0,1,1,Traffic&Landslide,2009-8-9 18:36,土石坍方道路不通,0,0,"0,0"
1000812,南投縣,信義鄉,南投縣信義鄉神木村5鄰57號,0,1,1,Traffic&Landslide,2009-8-9 10:41,對外聯繫道路遭土石中斷,120.871514,23.568506,"23.568506,120.871514"
1001013,嘉義縣,中埔鄉,嘉義縣中埔鄉同仁村柚仔宅桂竹林道及21鄰法雨道場土石竹林,0,1,1,Traffic&Landslide,2009-8-9 09:50,同仁村柚仔宅桂竹林道及21鄰法雨道場土石竹林坍方中斷(道路中斷)。,120.499773,23.411199,"23.411199,120.499773"
1001016,嘉義縣,番路鄉,嘉義縣番路鄉公田村後殼仔4.18號,0,1,1,Traffic&Landslide,2009-8-9 15:20,"公田村後殼仔4.18號2戶民宅附近地面滑動道路中斷請求救援
公田村4號09****9830劉先生
大湖鄰18號09****0790林先生
位於臺18線公田交叉口處",120.663916,23.436464,"23.436464,120.663916"
1001018,嘉義縣,阿里山鄉,嘉義縣阿里山鄉來吉村,0,1,1,Traffic&Landslide,2009-8-11 12:38,"1.來吉村發生土石流埋民宅6戶約300人疏散來吉國小
2.共有五林橋.來吉大橋.來吉橋.蘭花橋.行善橋.塔山橋.出瑪鈉橋.科仔林橋共8座全斷",120.759174,23.528764,"23.528764,120.759174"
1001018,嘉義縣,阿里山鄉,嘉義縣阿里山鄉9鄰特富野山莊,0,1,1,Traffic&Landslide,2009-8-9 04:13,阿里山鄉達邦村9鄰特富野山莊共13人受困，目前房屋已經隨土石流開始滑動，救援人員無法靠近，道路皆斷。,120.790244,23.508984,"23.508984,120.790244"
6400500,高雄縣,三民鄉,高雄縣三民鄉全鄉,0,1,1,Traffic&Landslide,2009-8-9 07:00,全鄉均土石流，通訊中斷，僅能以衛星電話聯繫，民族國小被淘空，現場遺留一輛轎車（學校教師所有），正在查證人員安危，鄉公所前道路被沖刷200公尺，連外道路中斷，全鄉人員受困，已有斷糧危機。,120.719217,23.268681,"23.268681,120.719217"
1000807,南投縣,鹿谷鄉,溪杉公路牛彎、猴彎處,0,1,1,Traffic&Landslide,2009-8-9 12:13,土石掉落,120.707683,23.461897,"23.461897,120.707683"
1000811,南投縣,水里鄉,上安村三廓巷,0,1,1,Traffic&Landslide,2009-8-9 13:36,局部邊坡崩塌、交通中斷,0,0,"0,0"
1001013,嘉義縣,中埔鄉,嘉義縣中埔鄉沄水村4鄰大興11號,0,1,1,Traffic&Landslide,2009-8-9 14:30,邊坡滑落道路受阻(中斷)、電線斷掉。,120.532967,23.376076,"23.376076,120.532967"
1001013,嘉義縣,中埔鄉,嘉義縣中埔鄉家172線往沄水國小網關子嶺54.5K,0,1,1,Traffic&Landslide,2009-8-11 21:45,道路旁土石崩落.路面剩1/3寬可通行.,120.461444,23.453968,"23.453968,120.461444"
1001013,嘉義縣,中埔鄉,嘉義縣中埔鄉東興村,0,1,1,Traffic&Landslide,2009-8-9 02:05,東興村水圳橋士石滑落，橋面遭土石吞沒，道路中斷。,120.550459,23.357727,"23.357727,120.550459"
1001014,嘉義縣,竹崎鄉,嘉義縣竹崎鄉鄰管處奮起湖工作站,0,1,1,Traffic&Landslide,2009-8-10 13:23,2名工人受困現場交通中斷土石流,120.551997,23.525027,"23.525027,120.551997"
1001015,嘉義縣,梅山鄉,嘉義縣梅山鄉太和、瑞里、瑞峰村,0,1,1,Traffic&Landslide,2009-8-11 14:55,道路清除，土石埋沒村民挖掘囷62甲線道路中斷，申請進入太和救災之特戰人員(如附件),120.558843,23.578481,"23.578481,120.558843"
1001015,嘉義縣,梅山鄉,嘉義縣梅山鄉,0,1,1,Traffic&Landslide,2009-8-10 20:20,嘉122縣梅山往太和村道路中斷土石掉落現有民眾受困影響搜救情形是否可派挖土機等機具搶修道路以利搶救人員進入災區搶救,120.558843,23.578481,"23.578481,120.558843"
1001327,屏東縣,霧臺鄉,屏東縣霧臺鄉,0,1,1,Traffic&Landslide,2009-8-10 13:42,"1.霧臺大武1號橋斷
2.大武村小三巷第二鄰土石流.約20-30人撤至大武分校校舍",120.746496,22.747204,"22.747204,120.746496"
1001326,屏東縣,三地門鄉,屏東縣三地門鄉青山村青山橋,1,1,1,Flood&Traffic&Landslide,2009-8-9 17:07,屏東縣三地門鄉青山村青山橋溪水暴漲土石及樹木沖刷橋墩，恐有斷橋之虞。,120.640537,22.819911,"22.819911,120.640537"
